Rank,Races,Score
1,17,748.73
2,7,679.46
3,10,670.73
4,14,650.68
5,11,650.13
6,24,646.84
7,9,626.36
8,16,623.28
9,9,612.64
10,10,606.99
11,10,606.58
12,13,604.7
13,16,603.01
14,11,600.34
15,10,599.5
16,5,593.46
17,7,589.1
18,10,588.93
19,6,582.34
20,11,578.31
21,9,575.42
22,8,570.4
23,10,568.95
24,17,566.51
25,6,566.26
26,9,563.4
27,14,558.13
28,11,557.36
29,5,557.08
30,12,553.28
31,7,552.69
32,17,548.88
33,14,544.06
34,9,543.12
35,8,540.57
36,6,531.32
37,8,530.56
38,14,529.61
39,7,528.82
40,16,525.45
41,11,525.23
42,6,523.73
43,7,523.34
44,5,521.56
45,15,521.02
46,6,519.49
47,17,516.21
48,13,515.52
49,10,510.74
50,15,508.68
51,5,506.96
52,10,505.84
53,10,505.43
54,5,504.23
55,7,499.24
56,12,498.4
57,8,497.14
58,15,495.14
59,10,494.13
60,11,492.46
61,6,492.45
62,10,490.65
63,7,490.52
64,14,490.02
65,8,487.8
66,6,487.04
67,11,486.46
68,9,485.88
69,12,485.48
70,15,483.71
71,10,482.12
72,13,480.7
73,10,479
74,15,478.34
75,13,472.88
76,8,471.08
77,19,470.56
78,8,468.31
79,6,468.08
80,6,467.23
81,6,467.05
82,22,466.23
83,7,466.1
84,6,464.44
85,7,463.33
86,12,463.23
87,7,456.19
88,10,454.61
89,8,453.52
90,9,453.23
91,7,452.79
92,7,452.76
93,12,451.7
94,5,447.46
95,15,445.77
96,5,444.18
97,8,443.73
98,13,442.78
99,9,441.94
100,4,440.38
101,6,439.89
102,5,438.86
103,6,437.45
104,12,437.21
105,15,434.43
106,12,434.07
107,12,433.7
108,10,433.56
109,4,433.3
110,6,433.08
111,8,432.4
112,12,432.21
113,5,431.62
114,13,431.48
115,9,430.38
116,7,430.11
117,7,427.86
118,10,425.1
119,20,425.02
120,4,421.13
121,9,421.1
122,10,421.01
123,7,418.64
124,5,418.5
125,9,417.56
126,4,416.67
127,9,416.14
128,8,415.76
129,8,414.93
130,11,414.9
131,5,414.61
132,5,412.94
133,14,412.32
134,6,410.27
135,4,409.66
136,11,409.11
137,10,408.22
138,5,407.72
139,4,407.56
140,7,407.44
141,6,406.86
142,10,406.25
143,22,406.14
144,5,405.92
145,10,405.03
146,11,404.53
147,5,403.62
148,6,402.7
149,12,402.4
150,13,402.39
151,7,402.01
152,8,401.99
153,13,400.27
154,7,400.12
155,14,400.1
156,6,399.86
157,5,399.61
158,7,398.51
159,10,398.37
160,11,397.21
161,5,397.01
162,8,396.79
163,5,396.59
164,6,395.56
165,8,394.85
166,7,394.63
167,5,393.93
168,7,391.97
169,4,391.09
170,4,389.4
171,4,387.88
172,5,386.89
173,9,386.57
174,4,386.54
175,8,385.81
176,6,384.56
177,8,384.36
178,10,383.45
179,8,381.8
180,6,381.68
181,11,380
182,11,378.03
183,7,377.71
184,8,376.3
185,11,376.04
186,8,375.98
187,19,375.74
188,7,375.06
189,5,374.31
190,10,374.05
191,6,373.46
192,5,373.31
193,6,372.83
194,5,372.56
195,15,372.38
196,3,370.76
197,9,369.28
198,11,368.81
199,9,368.38
200,6,368.04
201,7,367.13
202,10,365.92
203,11,365.3
204,5,364.93
205,4,364.85
206,7,362.98
207,13,360.56
208,7,360.35
209,8,359.59
210,5,359.44
211,9,358.94
212,4,357.8
213,7,357.53
214,6,356.29
215,4,355.62
216,5,354.92
217,5,354.47
218,5,354.27
219,8,353.34
220,7,352.81
221,7,351.69
222,6,351.68
223,7,351.61
224,11,351.41
225,4,350.23
226,12,349.44
227,10,347.84
228,9,346.95
229,5,344.78
230,10,342.55
231,10,342.26
232,3,341.64
233,7,341.49
234,9,340.94
235,13,340.16
236,5,340.1
237,6,338.21
238,5,338.11
239,4,337.56
240,4,337.17
241,6,336.46
242,8,336.26
243,7,334.78
244,9,334.41
245,6,334.3
246,5,332.74
247,6,332.65
248,10,332.61
249,8,332.29
250,8,332.24
251,8,331.41
252,4,331.29
253,6,331.1
254,5,328.44
255,6,328.39
256,4,327.17
257,5,327.17
258,7,325.53
259,7,324.6
260,7,324.47
261,6,324.05
262,5,322.29
263,6,321.37
264,6,320.65
265,9,319.79
266,9,319.56
267,5,319.27
268,3,318.91
269,4,318.75
270,6,318.68
271,5,318.33
272,5,318.15
273,5,317.16
274,10,316.78
275,4,315.96
276,5,315.14
277,7,315.12
278,11,315.01
279,7,314.83
280,7,314.53
281,9,312.96
282,7,311.93
283,5,311.41
284,9,310.07
285,5,309.53
286,6,309.4
287,4,309.37
288,4,309.13
289,5,308.97
290,8,308.39
291,8,307.92
292,9,307.34
293,7,306.73
294,3,306.66
295,3,306.09
296,5,305.96
297,6,304.9
298,7,304.26
299,5,302.91
300,3,302.59
301,5,302.57
302,11,302.4
303,3,302.02
304,6,301.56
305,13,301.54
306,4,301.39
307,4,301.16
308,7,300.93
309,4,299.9
310,4,298.74
311,4,297.64
312,3,297.59
313,8,297.56
314,3,296.75
315,8,296.73
316,6,296.44
317,6,296.12
318,3,295.84
319,3,295.26
320,5,295.14
321,4,294.28
322,4,293.97
323,3,293.8
324,4,293.27
325,4,293.06
326,5,292.91
327,5,292.83
328,3,292.73
329,9,291.5
330,5,290.98
331,4,290.96
332,5,290.86
333,4,289.97
334,6,289.47
335,4,289.36
336,3,288.74
337,4,288.29
338,7,287.45
339,5,287.41
340,3,287.31
341,4,287.21
342,3,287.18
343,4,286.96
344,6,286.24
345,5,285.82
346,9,285.76
347,6,285.73
348,4,285.5
349,6,285.47
350,2,285.21
351,10,285.01
352,4,284.77
353,3,284.71
354,3,283.72
355,5,283.62
356,3,283.46
357,4,283.29
358,9,282.99
359,5,282.79
360,3,282.7
361,3,282.02
362,6,281.94
363,4,281.89
364,3,281.33
365,3,281.12
366,5,280.81
367,9,280.58
368,6,280.32
369,3,279.66
370,5,279.37
371,3,279.23
372,7,279.05
373,8,278.93
374,6,278.43
375,6,278.11
376,3,277.88
377,3,277.56
378,5,277.35
379,5,277.3
380,7,277.08
381,7,276.98
382,4,276.09
383,5,275.21
384,4,274.35
385,7,274.05
386,6,273.72
387,4,273.68
388,5,273.2
389,8,273.16
390,5,272.92
391,7,272.59
392,5,272.25
393,5,272.13
394,4,271.82
395,3,271.8
396,4,271.79
397,8,271.54
398,3,271.5
399,4,271.08
400,6,270.76
401,8,270.73
402,6,270.28
403,5,269.76
404,4,269.18
405,3,268.71
406,5,267.7
407,4,267.56
408,3,267.49
409,5,267.37
410,5,267.03
411,4,266.44
412,5,266.01
413,7,265.91
414,3,264.64
415,4,264.63
416,4,264.21
417,6,264.11
418,5,263.6
419,9,263.42
420,3,262.84
421,6,261.6
422,3,261.43
423,9,261.41
424,5,261.08
425,6,260.93
426,6,260.61
427,3,260.42
428,5,260.17
429,3,260.03
430,3,259.87
431,3,259.58
432,5,259.49
433,3,259.1
434,3,258.72
435,5,258.3
436,4,257.35
437,4,256.99
438,4,256.86
439,3,256.41
440,4,256.25
441,6,255.86
442,3,255.78
443,4,255.71
444,6,255.11
445,3,254.77
446,3,254.26
447,3,254.14
448,6,253.75
449,3,253.36
450,3,253.35
451,4,253.02
452,3,252.95
453,5,252.3
454,3,252.05
455,4,251.79
456,7,251.44
457,5,251.17
458,6,250.73
459,3,250.67
460,3,250.33
461,3,250.07
462,8,249.66
463,4,249.6
464,3,249.47
465,5,248.98
466,3,248.76
467,3,248.23
468,3,247.63
469,4,247.61
470,5,246.84
471,4,246.42
472,4,246.37
473,5,246.19
474,6,246.18
475,4,246.08
476,4,245.88
477,4,245.7
478,4,245.46
479,4,245.23
480,14,245.19
481,12,244.6
482,3,244.32
483,5,244.28
484,3,244.16
485,3,244.13
486,5,243.74
487,3,243.68
488,3,243.55
489,4,243.32
490,6,242.61
491,3,242.28
492,8,242.03
493,4,241.67
494,4,241.53
495,4,241.13
496,4,241.08
497,9,241.05
498,3,241.05
499,4,240.54
500,4,240.33
501,7,239.91
502,6,239.84
503,6,239.65
504,3,239.48
505,3,238.22
506,3,237.75
507,3,236.77
508,3,235.77
509,5,235.62
510,4,235.62
511,3,235.46
512,4,235.29
513,6,235.25
514,5,234.93
515,2,234.75
516,3,234.47
517,5,234.44
518,3,234.09
519,3,233.77
520,4,233.63
521,4,232.95
522,3,232.49
523,4,232.44
524,6,231.78
525,5,231.71
526,2,231.68
527,3,231.62
528,5,231.24
529,4,230.56
530,7,230.01
531,5,229.95
532,3,229.88
533,6,228.62
534,3,228.57
535,4,228.45
536,3,228.12
537,3,228.02
538,3,227.89
539,6,227.45
540,6,227.44
541,5,227.15
542,2,227.07
543,4,226.95
544,3,226.9
545,4,226.79
546,3,226.27
547,5,226.13
548,5,225.53
549,4,225.09
550,2,225.06
551,3,225.04
552,4,224.74
553,4,224.53
554,4,224.44
555,4,223.64
556,3,223.51
557,4,222.84
558,3,222.08
559,4,221.92
560,4,221.58
561,3,221.54
562,3,221.45
563,6,221.25
564,3,220.8
565,2,220.37
566,4,219.96
567,3,219.79
568,5,219.77
569,3,219.55
570,2,219.12
571,3,218.88
572,4,218.82
573,3,218.74
574,5,218.33
575,3,217.94
576,3,217.71
577,2,217.64
578,3,217.33
579,3,217.24
580,3,216.29
581,6,215.58
582,3,215.39
583,4,215.15
584,3,213.71
585,2,213.33
586,4,212.46
587,5,212.43
588,4,211.58
589,4,211.46
590,10,211.32
591,4,211.16
592,5,210.46
593,5,210.45
594,3,210.14
595,3,209.91
596,5,209.68
597,5,209.6
598,3,208.56
599,3,208.47
600,3,208.32
601,5,208.27
602,3,207.92
603,2,207.9
604,4,207.6
605,6,207.19
606,3,207.02
607,2,207
608,3,206.96
609,4,206.89
610,3,206.57
611,4,206.48
612,5,206.16
613,5,206.15
614,3,205.45
615,2,205.07
616,3,204.95
617,6,204.52
618,2,204.48
619,2,204.43
620,3,204.19
621,2,203.89
622,2,203.85
623,4,203.26
624,3,203.16
625,3,203
626,5,202.18
627,3,202.09
628,2,201.88
629,5,201.25
630,3,201.14
631,5,200.79
632,3,200.76
633,3,200.36
634,2,200.3
635,2,199.99
636,4,199.44
637,2,199.37
638,4,199.31
639,5,199.19
640,3,199.17
641,2,199.16
642,3,199.14
643,4,198.34
644,2,198
645,2,197.42
646,3,197.28
647,4,197.14
648,3,197.09
649,2,196.89
650,5,196.72
651,2,196.71
652,6,196.44
653,3,196.28
654,3,196.27
655,6,195.86
656,2,195.83
657,3,195.61
658,3,195.01
659,3,194.75
660,2,194.56
661,7,194.37
662,4,194.27
663,2,194.14
664,3,193.27
665,2,193.05
666,3,192.93
667,4,192.85
668,2,192.82
669,3,192.57
670,3,192.49
671,2,192.48
672,3,192.42
673,2,192.25
674,2,191.88
675,5,191.44
676,2,191.33
677,2,190.88
678,3,190.8
679,5,190.77
680,2,190.77
681,3,190.74
682,3,190.69
683,2,190.63
684,2,190.62
685,2,190.54
686,3,190.45
687,4,190.22
688,2,190.11
689,2,189.82
690,4,189.79
691,2,189.71
692,2,189.67
693,2,189.43
694,2,189.41
695,2,189.33
696,3,189.23
697,4,189.21
698,2,189.06
699,3,188.93
700,3,188.4
701,3,188.2
702,4,188.17
703,3,188.07
704,3,187.77
705,3,187.68
706,2,187.66
707,3,187.23
708,2,186.97
709,2,186.92
710,4,186.8
711,3,186.66
712,3,186.23
713,3,186.2
714,3,185.93
715,3,185.45
716,2,185.01
717,2,184.57
718,2,184.54
719,4,184.44
720,3,184.37
721,2,184.05
722,4,183.68
723,3,183.13
724,2,183.09
725,2,182.25
726,4,181.92
727,3,181.58
728,3,181.24
729,2,180.96
730,2,180.9
731,3,180.79
732,2,180.57
733,3,180.32
734,4,180.21
735,3,180.03
736,4,180.02
737,3,179.97
738,2,179.81
739,2,179.68
740,3,179.26
741,2,179.14
742,2,179.08
743,4,179.06
744,2,178.95
745,7,178.57
746,2,178.39
747,2,178.32
748,2,177.97
749,2,177.84
750,3,177.73
751,2,177.72
752,2,177.64
753,4,177.16
754,3,177.14
755,2,176.9
756,3,176.87
757,2,176.81
758,5,176.74
759,3,176.71
760,5,176.5
761,5,176.42
762,3,175.9
763,3,175.87
764,2,175.8
765,2,175.8
766,3,175.46
767,2,175.42
768,4,175.3
769,2,175.2
770,4,174.94
771,3,174.94
772,3,174.89
773,4,174.82
774,2,174.74
775,4,174.51
776,2,174.33
777,3,174.3
778,2,174.28
779,2,173.96
780,2,173.91
781,4,173.68
782,2,173.62
783,2,173.61
784,2,173.44
785,2,172.75
786,3,172.35
787,3,172.29
788,5,172.29
789,3,172.23
790,3,171.95
791,3,171.52
792,4,170.97
793,2,170.87
794,2,170.38
795,2,170.23
796,2,169.95
797,2,169.76
798,4,169.37
799,2,169.33
800,2,168.89
801,2,168.82
802,5,168.44
803,4,168.4
804,2,168.36
805,2,168.35
806,5,168.31
807,3,168.11
808,3,168.04
809,3,167.85
810,2,167.65
811,2,167.58
812,4,167.54
813,2,167.37
814,2,167.25
815,2,167.18
816,3,166.92
817,2,166.85
818,2,166.8
819,3,166.61
820,2,166.47
821,2,166.08
822,2,166.05
823,2,165.67
824,3,165.59
825,2,165.52
826,3,165.5
827,2,165.49
828,2,164.97
829,2,164.87
830,2,164.69
831,2,164.61
832,2,164.47
833,3,164.45
834,3,164.3
835,4,164.3
836,2,164.29
837,2,164.07
838,2,164
839,3,163.99
840,2,163.81
841,4,163.58
842,2,163.4
843,2,163.17
844,2,163.12
845,2,163.07
846,2,162.87
847,4,162.53
848,2,162.49
849,3,162.42
850,3,162.41
851,2,162.38
852,3,162.06
853,2,162.05
854,2,161.54
855,2,160.99
856,5,160.77
857,2,160.53
858,2,160.4
859,2,160.35
860,2,160.12
861,3,160.07
862,2,159.89
863,2,159.69
864,2,159.38
865,2,158.94
866,2,158.86
867,3,158.83
868,3,158.67
869,2,158.49
870,3,157.85
871,3,157.76
872,2,157.67
873,2,157.08
874,2,156.97
875,2,156.92
876,2,156.92
877,5,156.9
878,3,156.87
879,2,156.82
880,5,156.02
881,2,155.94
882,2,155.82
883,3,155.78
884,2,155.76
885,2,154.96
886,1,154.74
887,2,154.57
888,4,154.26
889,2,154.16
890,5,154.1
891,2,153.91
892,2,153.87
893,2,153.59
894,3,153.28
895,3,153.24
896,2,153.22
897,2,152.91
898,2,152.88
899,2,152.78
900,3,152.6
901,2,152.34
902,2,152.29
903,3,152.24
904,2,152.18
905,4,152.17
906,3,152.06
907,2,151.98
908,2,151.89
909,3,151.5
910,3,151.26
911,3,151.2
912,3,151.1
913,4,150.99
914,2,150.77
915,2,150.67
916,4,150.5
917,2,150.05
918,3,150
919,3,149.82
920,4,149.79
921,2,149.74
922,2,149.29
923,2,148.98
924,2,148.59
925,3,148.51
926,2,148.39
927,2,148.3
928,2,148.3
929,2,148.26
930,3,148.22
931,2,148.2
932,3,148.06
933,6,148.06
934,3,147.97
935,2,147.78
936,3,147.56
937,2,147.49
938,2,147.38
939,2,147.28
940,2,147.14
941,3,147.14
942,2,147.1
943,2,147.06
944,2,147.04
945,2,146.99
946,3,146.94
947,2,146.89
948,2,146.89
949,4,146.88
950,2,146.72
951,2,146.66
952,4,146.46
953,2,146.25
954,2,146.03
955,3,145.91
956,3,145.74
957,3,145.37
958,2,145.32
959,3,145.17
960,2,144.9
961,2,144.85
962,2,144.7
963,2,144.48
964,4,144.27
965,2,144.19
966,2,144.18
967,2,144.07
968,2,144.06
969,2,144.03
970,2,143.88
971,2,143.84
972,2,143.84
973,2,143.74
974,2,143.71
975,2,143.7
976,2,143.52
977,3,143.46
978,3,143.27
979,2,143.23
980,3,143.17
981,2,143.14
982,4,143.03
983,2,142.9
984,2,142.69
985,2,142.58
986,3,142.06
987,2,141.9
988,5,141.71
989,2,141.33
990,2,141.29
991,2,141.27
992,3,140.89
993,4,140.87
994,3,140.71
995,3,140.37
996,1,140.02
997,2,139.84
998,2,139.77
999,2,138.82
1000,2,138.77
1001,2,138.27
1002,2,138.14
1003,2,138.12
1004,3,137.98
1005,2,137.82
1006,1,137.64
1007,2,137.62
1008,2,137.23
1009,2,137.18
1010,2,136.9
1011,4,136.83
1012,2,136.7
1013,3,136.54
1014,2,136.4
1015,2,135.97
1016,2,135.68
1017,2,135.49
1018,2,135.34
1019,3,135.33
1020,3,135.15
1021,3,134.93
1022,2,134.87
1023,3,134.85
1024,2,134.83
1025,2,134.59
1026,3,134.49
1027,2,134.37
1028,2,134.23
1029,2,134.18
1030,3,134.14
1031,1,134.14
1032,2,133.9
1033,3,133.86
1034,2,133.74
1035,2,133.48
1036,3,133.42
1037,3,133.16
1038,3,133.1
1039,2,133
1040,3,132.74
1041,2,132.62
1042,2,132.26
1043,2,132.2
1044,3,132.04
1045,6,131.82
1046,4,131.8
1047,2,131.79
1048,2,131.71
1049,3,131.6
1050,2,131.59
1051,2,130.86
1052,2,130.76
1053,3,130.58
1054,4,130.54
1055,2,130.5
1056,1,130.47
1057,3,130.45
1058,2,130.29
1059,2,130.28
1060,2,130.24
1061,2,130.22
1062,2,130.07
1063,1,129.93
1064,1,129.93
1065,1,129.93
1066,3,129.8
1067,1,129.72
1068,1,129.33
1069,3,128.86
1070,2,128.82
1071,2,128.68
1072,3,128.56
1073,2,128.27
1074,1,128.25
1075,1,128.25
1076,2,128.2
1077,3,128.19
1078,2,128
1079,3,127.98
1080,2,127.89
1081,2,127.86
1082,1,127.83
1083,3,127.78
1084,2,127.69
1085,3,127.58
1086,2,127.51
1087,2,127.44
1088,2,127.39
1089,2,127.36
1090,2,127.23
1091,2,127.21
1092,3,127.18
1093,2,127.07
1094,2,126.94
1095,2,126.8
1096,2,126.72
1097,2,126.65
1098,2,126.51
1099,3,126.5
1100,5,126.2
1101,1,126.04
1102,1,126.04
1103,2,125.85
1104,2,125.84
1105,4,125.81
1106,4,125.72
1107,2,125.55
1108,2,125.06
1109,2,124.88
1110,3,124.72
1111,2,124.67
1112,2,124.6
1113,2,124.51
1114,3,124.33
1115,2,123.77
1116,2,123.72
1117,2,123.49
1118,1,123.49
1119,2,123.35
1120,2,123.27
1121,3,123.03
1122,2,122.96
1123,1,122.95
1124,2,122.74
1125,3,122.61
1126,1,122.6
1127,1,122.47
1128,1,122.36
1129,1,122.36
1130,3,122.33
1131,2,122.27
1132,2,122.18
1133,2,121.95
1134,2,121.95
1135,2,121.94
1136,2,121.79
1137,2,121.69
1138,2,121.58
1139,2,121.27
1140,1,121.21
1141,3,121.12
1142,1,120.96
1143,2,120.95
1144,2,120.94
1145,2,120.86
1146,2,120.51
1147,3,120.39
1148,3,120.37
1149,2,120.33
1150,2,120.33
1151,2,120.31
1152,2,120.17
1153,2,120.12
1154,4,120.08
1155,3,119.95
1156,3,119.91
1157,3,119.74
1158,2,119.66
1159,2,119.41
1160,2,119.3
1161,2,119.22
1162,1,119.2
1163,1,119.2
1164,1,119.2
1165,1,119.2
1166,1,119.2
1167,2,119.16
1168,2,119.03
1169,2,118.94
1170,3,118.89
1171,2,118.88
1172,1,118.77
1173,2,118.74
1174,1,118.68
1175,3,118.6
1176,1,118.44
1177,2,118.37
1178,3,118.34
1179,3,118.3
1180,2,118.3
1181,1,118.07
1182,1,118
1183,2,117.9
1184,2,117.83
1185,2,117.67
1186,3,117.46
1187,1,117.37
1188,1,117.37
1189,4,117.13
1190,1,117.07
1191,2,117.02
1192,2,116.85
1193,2,116.84
1194,2,116.64
1195,1,116.32
1196,2,116.24
1197,1,116.18
1198,2,116.08
1199,1,115.98
1200,3,115.64
1201,1,115.63
1202,3,115.59
1203,1,115.58
1204,2,115.37
1205,1,115.28
1206,1,115.28
1207,1,115.28
1208,1,115.28
1209,1,115.28
1210,1,115.28
1211,2,115.16
1212,1,114.93
1213,1,114.87
1214,1,114.87
1215,2,114.79
1216,3,114.72
1217,2,114.59
1218,1,114.58
1219,1,114.58
1220,1,114.58
1221,1,114.58
1222,2,114.54
1223,2,114.51
1224,2,114.51
1225,1,114.48
1226,1,114.4
1227,1,114.38
1228,2,114.36
1229,1,114.23
1230,1,114.21
1231,1,114.21
1232,1,114.21
1233,1,114.21
1234,2,114.2
1235,3,113.92
1236,3,113.89
1237,1,113.88
1238,1,113.88
1239,1,113.88
1240,2,113.7
1241,2,113.61
1242,2,113.54
1243,1,113.53
1244,1,113.53
1245,1,113.53
1246,1,113.52
1247,2,113.52
1248,2,113.52
1249,2,113.47
1250,2,113.44
1251,1,113.19
1252,1,113.19
1253,1,113.19
1254,2,113.1
1255,2,113.02
1256,1,113
1257,2,112.98
1258,2,112.88
1259,2,112.88
1260,2,112.79
1261,1,112.49
1262,1,112.49
1263,1,112.49
1264,1,112.49
1265,2,112.39
1266,1,112.23
1267,1,112.14
1268,1,112.14
1269,2,112.05
1270,1,111.79
1271,1,111.79
1272,1,111.79
1273,1,111.79
1274,1,111.79
1275,1,111.79
1276,1,111.79
1277,1,111.79
1278,1,111.79
1279,1,111.79
1280,2,111.74
1281,1,111.67
1282,1,111.44
1283,1,111.44
1284,2,111.24
1285,2,111.24
1286,3,111.2
1287,2,111.15
1288,1,111.14
1289,1,111.09
1290,3,111.05
1291,2,111.03
1292,3,111.01
1293,1,110.86
1294,1,110.86
1295,1,110.75
1296,2,110.71
1297,2,110.56
1298,3,110.54
1299,2,110.51
1300,2,110.51
1301,1,110.4
1302,1,110.4
1303,1,110.38
1304,1,110.37
1305,2,110.33
1306,2,110.29
1307,2,110.27
1308,2,110.17
1309,1,110.16
1310,2,110.16
1311,2,110.05
1312,1,109.96
1313,3,109.86
1314,1,109.77
1315,2,109.75
1316,1,109.74
1317,2,109.62
1318,2,109.56
1319,2,109.55
1320,3,109.53
1321,2,109.52
1322,2,109.43
1323,2,109.4
1324,1,109.32
1325,1,109.29
1326,3,108.9
1327,2,108.83
1328,1,108.71
1329,2,108.64
1330,2,108.64
1331,2,108.62
1332,2,108.58
1333,1,108.53
1334,2,108.46
1335,1,108.44
1336,2,108.39
1337,3,108.33
1338,1,108.32
1339,2,108.28
1340,1,108.27
1341,2,108.15
1342,2,107.93
1343,1,107.87
1344,1,107.87
1345,3,107.86
1346,2,107.74
1347,1,107.72
1348,2,107.67
1349,1,107.36
1350,1,107.36
1351,1,107.33
1352,1,107.33
1353,1,107.28
1354,1,107.28
1355,2,107.28
1356,2,107.24
1357,2,107.24
1358,1,107.22
1359,1,107.06
1360,2,106.91
1361,2,106.74
1362,2,106.71
1363,1,106.68
1364,2,106.64
1365,1,106.6
1366,2,106.31
1367,1,106.29
1368,2,106.14
1369,1,106.14
1370,2,106.14
1371,2,106.08
1372,2,106.03
1373,1,106
1374,1,105.97
1375,1,105.92
1376,3,105.89
1377,2,105.7
1378,2,105.44
1379,2,105.38
1380,1,105.34
1381,1,105.31
1382,2,105.25
1383,2,105.14
1384,2,105.05
1385,1,105.02
1386,1,104.98
1387,1,104.98
1388,1,104.98
1389,1,104.98
1390,2,104.96
1391,2,104.94
1392,1,104.9
1393,1,104.83
1394,2,104.74
1395,1,104.7
1396,1,104.7
1397,3,104.61
1398,2,104.51
1399,1,104.48
1400,3,104.48
1401,1,104.39
1402,1,104.39
1403,2,104.29
1404,2,104.12
1405,1,104.07
1406,1,104.07
1407,2,103.94
1408,3,103.91
1409,1,103.81
1410,1,103.81
1411,2,103.79
1412,1,103.78
1413,2,103.78
1414,1,103.52
1415,1,103.44
1416,1,103.44
1417,2,103.39
1418,1,103.37
1419,2,103.25
1420,1,103.21
1421,1,103.2
1422,1,103.12
1423,1,103.02
1424,2,103
1425,1,103
1426,1,102.99
1427,3,102.95
1428,1,102.8
1429,1,102.8
1430,1,102.8
1431,1,102.72
1432,2,102.6
1433,1,102.6
1434,2,102.55
1435,3,102.54
1436,4,102.5
1437,1,102.42
1438,2,102.29
1439,3,102.28
1440,1,102.28
1441,1,102.24
1442,2,102.22
1443,1,102.17
1444,1,102.17
1445,1,102.17
1446,1,102.17
1447,2,102.14
1448,2,102.06
1449,2,101.92
1450,4,101.9
1451,3,101.71
1452,1,101.52
1453,2,101.52
1454,2,101.37
1455,2,101.24
1456,1,101.22
1457,1,101.04
1458,1,101.04
1459,1,100.92
1460,2,100.92
1461,1,100.92
1462,2,100.91
1463,3,100.9
1464,1,100.86
1465,2,100.86
1466,1,100.8
1467,2,100.75
1468,2,100.64
1469,2,100.63
1470,2,100.55
1471,2,100.48
1472,1,100.47
1473,2,100.44
1474,2,100.43
1475,3,100.38
1476,2,100.33
1477,1,100.32
1478,1,100.2
1479,2,100.18
1480,2,100.17
1481,1,100.1
1482,1,100.1
1483,2,100.04
1484,1,100.02
1485,4,99.93
1486,3,99.89
1487,2,99.71
1488,1,99.69
1489,1,99.48
1490,1,99.41
1491,1,99.38
1492,2,99.31
1493,1,99.26
1494,1,99.23
1495,1,99.17
1496,1,99.11
1497,1,99.07
1498,1,99.07
1499,1,99.07
1500,1,99.07
1501,4,99.03
1502,2,99.02
1503,2,99
1504,2,98.97
1505,2,98.94
1506,1,98.93
1507,1,98.86
1508,4,98.83
1509,1,98.69
1510,1,98.48
1511,1,98.48
1512,1,98.46
1513,1,98.46
1514,1,98.46
1515,2,98.38
1516,1,98.35
1517,1,98.21
1518,2,98.18
1519,1,98.15
1520,1,98.14
1521,1,98.11
1522,2,97.94
1523,2,97.94
1524,2,97.87
1525,1,97.84
1526,1,97.84
1527,1,97.84
1528,1,97.84
1529,1,97.84
1530,2,97.7
1531,3,97.43
1532,3,97.39
1533,1,97.3
1534,1,97.3
1535,2,97.19
1536,1,97.17
1537,2,97.15
1538,1,97.13
1539,3,97.12
1540,1,97.01
1541,1,96.97
1542,1,96.97
1543,1,96.95
1544,4,96.93
1545,4,96.82
1546,1,96.73
1547,1,96.71
1548,1,96.62
1549,1,96.57
1550,1,96.57
1551,2,96.57
1552,1,96.46
1553,1,96.27
1554,1,96.27
1555,1,96.24
1556,1,96.24
1557,1,96.24
1558,1,96.24
1559,2,96.14
1560,1,96.12
1561,2,96.08
1562,2,96.06
1563,2,96.05
1564,2,96.04
1565,1,95.95
1566,1,95.95
1567,2,95.9
1568,3,95.89
1569,1,95.88
1570,1,95.88
1571,1,95.83
1572,1,95.83
1573,1,95.68
1574,1,95.66
1575,1,95.66
1576,1,95.66
1577,1,95.55
1578,1,95.53
1579,2,95.51
1580,3,95.44
1581,3,95.39
1582,1,95.38
1583,1,95.38
1584,1,95.36
1585,1,95.36
1586,1,95.24
1587,1,95.18
1588,2,95.13
1589,1,95.08
1590,1,95.08
1591,1,95.08
1592,1,94.98
1593,2,94.94
1594,2,94.91
1595,2,94.8
1596,1,94.8
1597,2,94.79
1598,1,94.79
1599,1,94.75
1600,2,94.74
1601,1,94.57
1602,2,94.54
1603,1,94.53
1604,1,94.49
1605,1,94.49
1606,2,94.33
1607,2,94.31
1608,3,94.25
1609,1,94.2
1610,2,94.05
1611,1,94.03
1612,2,94.03
1613,2,93.98
1614,1,93.91
1615,1,93.91
1616,1,93.91
1617,3,93.81
1618,1,93.68
1619,1,93.68
1620,1,93.68
1621,1,93.63
1622,1,93.62
1623,1,93.6
1624,1,93.6
1625,1,93.56
1626,2,93.46
1627,2,93.46
1628,2,93.44
1629,2,93.44
1630,1,93.33
1631,1,93.33
1632,1,93.33
1633,1,93.19
1634,1,93.16
1635,1,93.16
1636,1,93.16
1637,2,93.16
1638,1,93.07
1639,1,93.07
1640,1,93.07
1641,1,93.04
1642,1,93.04
1643,1,92.99
1644,1,92.99
1645,2,92.98
1646,2,92.89
1647,1,92.88
1648,2,92.88
1649,1,92.88
1650,1,92.88
1651,1,92.79
1652,1,92.79
1653,1,92.75
1654,1,92.75
1655,1,92.75
1656,1,92.75
1657,2,92.69
1658,1,92.6
1659,1,92.51
1660,1,92.5
1661,1,92.46
1662,1,92.46
1663,3,92.42
1664,2,92.34
1665,1,92.3
1666,1,92.3
1667,1,92.3
1668,1,92.3
1669,2,92.29
1670,1,92.29
1671,1,92.29
1672,1,92.29
1673,2,92.23
1674,2,92.18
1675,1,92.02
1676,1,92.02
1677,1,92.02
1678,2,92
1679,3,91.99
1680,1,91.94
1681,2,91.8
1682,1,91.8
1683,2,91.74
1684,1,91.73
1685,1,91.73
1686,2,91.66
1687,1,91.56
1688,1,91.53
1689,1,91.53
1690,1,91.53
1691,1,91.5
1692,1,91.5
1693,1,91.45
1694,1,91.38
1695,1,91.38
1696,1,91.38
1697,1,91.37
1698,1,91.23
1699,3,91.2
1700,1,91.15
1701,2,91.14
1702,2,91.01
1703,1,91.01
1704,3,90.98
1705,1,90.98
1706,1,90.97
1707,1,90.9
1708,1,90.86
1709,2,90.86
1710,1,90.85
1711,1,90.82
1712,1,90.82
1713,1,90.82
1714,1,90.82
1715,2,90.79
1716,1,90.77
1717,1,90.77
1718,1,90.71
1719,1,90.68
1720,1,90.68
1721,3,90.62
1722,2,90.59
1723,1,90.58
1724,2,90.53
1725,2,90.47
1726,1,90.42
1727,1,90.42
1728,1,90.4
1729,1,90.4
1730,1,90.4
1731,1,90.4
1732,1,90.4
1733,1,90.34
1734,1,90.33
1735,2,90.3
1736,1,90.25
1737,1,90.25
1738,1,90.25
1739,1,90.25
1740,1,90.25
1741,1,90.17
1742,1,90.16
1743,1,90.08
1744,1,89.97
1745,1,89.97
1746,1,89.9
1747,2,89.86
1748,1,89.69
1749,1,89.69
1750,1,89.69
1751,2,89.6
1752,2,89.59
1753,1,89.58
1754,1,89.5
1755,2,89.38
1756,1,89.38
1757,1,89.38
1758,1,89.37
1759,1,89.37
1760,1,89.35
1761,2,89.35
1762,2,89.35
1763,1,89.35
1764,1,89.3
1765,1,89.3
1766,1,89.3
1767,1,89.3
1768,2,89.27
1769,1,89.13
1770,1,89.03
1771,1,88.95
1772,2,88.94
1773,2,88.92
1774,1,88.84
1775,1,88.84
1776,1,88.81
1777,1,88.78
1778,1,88.75
1779,1,88.75
1780,1,88.75
1781,2,88.63
1782,2,88.58
1783,2,88.58
1784,1,88.57
1785,1,88.54
1786,1,88.54
1787,1,88.31
1788,1,88.31
1789,1,88.3
1790,1,88.3
1791,1,88.26
1792,1,88.2
1793,1,88.2
1794,1,88.1
1795,1,88
1796,1,87.99
1797,1,87.98
1798,2,87.86
1799,1,87.78
1800,1,87.78
1801,1,87.78
1802,1,87.72
1803,1,87.72
1804,1,87.72
1805,1,87.72
1806,1,87.72
1807,1,87.69
1808,1,87.68
1809,1,87.65
1810,2,87.63
1811,1,87.52
1812,1,87.52
1813,1,87.51
1814,1,87.45
1815,1,87.35
1816,2,87.31
1817,2,87.19
1818,1,87.18
1819,1,87.18
1820,1,87.18
1821,1,87.18
1822,1,87.15
1823,2,87.06
1824,4,87.04
1825,1,86.99
1826,1,86.98
1827,1,86.98
1828,1,86.96
1829,1,86.9
1830,1,86.9
1831,1,86.9
1832,1,86.9
1833,3,86.79
1834,1,86.78
1835,1,86.72
1836,1,86.72
1837,1,86.7
1838,1,86.63
1839,1,86.63
1840,1,86.63
1841,2,86.59
1842,1,86.58
1843,1,86.52
1844,1,86.52
1845,1,86.52
1846,3,86.5
1847,1,86.45
1848,1,86.36
1849,2,86.35
1850,1,86.2
1851,1,86.2
1852,1,86.19
1853,2,86.14
1854,1,86.12
1855,2,86.01
1856,1,86.01
1857,2,85.96
1858,1,85.92
1859,2,85.86
1860,3,85.72
1861,1,85.67
1862,1,85.67
1863,1,85.66
1864,1,85.66
1865,1,85.66
1866,1,85.66
1867,1,85.66
1868,1,85.66
1869,1,85.56
1870,1,85.39
1871,1,85.38
1872,1,85.38
1873,2,85.35
1874,2,85.34
1875,2,85.33
1876,2,85.31
1877,2,85.16
1878,2,85.16
1879,1,85.15
1880,1,85.12
1881,1,85.12
1882,1,85.12
1883,1,85.12
1884,1,85.12
1885,1,85.12
1886,1,85.12
1887,1,85.12
1888,1,85.12
1889,1,85.1
1890,1,85.1
1891,1,84.99
1892,1,84.91
1893,2,84.86
1894,1,84.86
1895,1,84.86
1896,2,84.68
1897,2,84.67
1898,1,84.63
1899,1,84.63
1900,1,84.62
1901,1,84.61
1902,1,84.61
1903,1,84.61
1904,1,84.6
1905,1,84.59
1906,1,84.59
1907,1,84.59
1908,1,84.37
1909,1,84.37
1910,2,84.24
1911,1,84.11
1912,1,84.11
1913,3,84.1
1914,1,84.1
1915,1,84.1
1916,1,84.1
1917,1,84.1
1918,1,84
1919,1,83.85
1920,1,83.59
1921,1,83.59
1922,1,83.59
1923,1,83.59
1924,1,83.59
1925,1,83.58
1926,1,83.58
1927,1,83.58
1928,1,83.58
1929,1,83.58
1930,1,83.47
1931,1,83.47
1932,2,83.46
1933,1,83.44
1934,1,83.44
1935,2,83.39
1936,1,83.33
1937,1,83.33
1938,1,83.33
1939,1,83.33
1940,1,83.33
1941,2,83.32
1942,1,83.08
1943,1,83.08
1944,1,83.07
1945,1,83.07
1946,1,83.07
1947,1,83.07
1948,1,83.07
1949,1,83.05
1950,1,83.04
1951,1,82.99
1952,1,82.99
1953,1,82.99
1954,1,82.96
1955,1,82.92
1956,1,82.81
1957,1,82.81
1958,1,82.81
1959,1,82.77
1960,1,82.74
1961,2,82.67
1962,2,82.62
1963,1,82.56
1964,1,82.56
1965,1,82.56
1966,1,82.56
1967,1,82.56
1968,1,82.56
1969,1,82.49
1970,1,82.47
1971,1,82.42
1972,1,82.3
1973,1,82.3
1974,2,82.28
1975,1,82.2
1976,2,82.13
1977,1,82.08
1978,1,82.08
1979,1,82.05
1980,1,82.05
1981,1,82.05
1982,1,82.05
1983,1,82.05
1984,1,82.05
1985,1,82.03
1986,1,81.99
1987,1,81.99
1988,1,81.99
1989,1,81.99
1990,2,81.91
1991,2,81.91
1992,1,81.9
1993,1,81.79
1994,1,81.79
1995,1,81.79
1996,1,81.78
1997,2,81.59
1998,1,81.54
1999,1,81.54
2000,1,81.54
2001,1,81.54
2002,1,81.54
2003,2,81.53
2004,1,81.49
2005,1,81.49
2006,1,81.49
2007,1,81.41
2008,1,81.35
2009,2,81.32
2010,2,81.31
2011,1,81.28
2012,1,81.24
2013,1,81.24
2014,1,81.24
2015,1,81.24
2016,1,81.24
2017,2,81.21
2018,1,81.2
2019,2,81.2
2020,1,81.02
2021,1,81.02
2022,1,81.02
2023,1,81
2024,1,81
2025,2,81
2026,1,81
2027,1,81
2028,1,80.77
2029,1,80.77
2030,1,80.76
2031,2,80.7
2032,2,80.65
2033,2,80.57
2034,1,80.52
2035,1,80.52
2036,1,80.5
2037,1,80.5
2038,1,80.5
2039,1,80.48
2040,1,80.48
2041,1,80.48
2042,2,80.41
2043,2,80.41
2044,2,80.39
2045,1,80.38
2046,1,80.38
2047,3,80.34
2048,1,80.33
2049,2,80.32
2050,1,80.29
2051,1,80.13
2052,1,80
2053,1,80
2054,1,80
2055,1,80
2056,1,80
2057,1,80
2058,1,80
2059,1,80
2060,1,79.98
2061,2,79.91
2062,1,79.89
2063,1,79.89
2064,2,79.86
2065,1,79.86
2066,1,79.8
2067,1,79.75
2068,2,79.66
2069,1,79.65
2070,1,79.64
2071,2,79.64
2072,1,79.63
2073,1,79.6
2074,1,79.6
2075,1,79.6
2076,1,79.6
2077,1,79.6
2078,1,79.54
2079,1,79.5
2080,1,79.5
2081,1,79.5
2082,1,79.48
2083,1,79.45
2084,1,79.4
2085,1,79.37
2086,1,79.32
2087,2,79.32
2088,1,79.16
2089,2,79.01
2090,1,79
2091,1,78.97
2092,1,78.92
2093,1,78.92
2094,2,78.91
2095,2,78.86
2096,1,78.84
2097,1,78.67
2098,1,78.67
2099,1,78.67
2100,1,78.67
2101,1,78.67
2102,1,78.61
2103,1,78.61
2104,1,78.6
2105,2,78.58
2106,2,78.52
2107,2,78.45
2108,1,78.44
2109,1,78.44
2110,1,78.44
2111,2,78.43
2112,1,78.4
2113,2,78.29
2114,2,78.28
2115,1,78.27
2116,2,78.26
2117,2,78.22
2118,1,78.19
2119,1,78.14
2120,1,78.14
2121,3,78.06
2122,1,78.04
2123,1,78
2124,1,77.95
2125,1,77.94
2126,1,77.94
2127,1,77.94
2128,1,77.94
2129,2,77.94
2130,1,77.93
2131,1,77.92
2132,1,77.88
2133,1,77.88
2134,1,77.88
2135,1,77.88
2136,1,77.88
2137,1,77.88
2138,1,77.88
2139,1,77.87
2140,1,77.83
2141,1,77.83
2142,1,77.82
2143,1,77.73
2144,1,77.7
2145,4,77.68
2146,1,77.67
2147,1,77.67
2148,1,77.64
2149,1,77.64
2150,1,77.59
2151,2,77.57
2152,2,77.51
2153,2,77.49
2154,1,77.48
2155,1,77.44
2156,1,77.43
2157,1,77.4
2158,1,77.4
2159,1,77.4
2160,2,77.4
2161,1,77.39
2162,1,77.36
2163,3,77.36
2164,1,77.22
2165,1,77.2
2166,1,77.17
2167,1,77.16
2168,1,77.14
2169,1,77.08
2170,2,76.95
2171,2,76.94
2172,1,76.92
2173,1,76.92
2174,1,76.92
2175,1,76.92
2176,1,76.92
2177,1,76.92
2178,1,76.92
2179,1,76.92
2180,1,76.92
2181,1,76.92
2182,1,76.92
2183,3,76.78
2184,2,76.77
2185,1,76.74
2186,1,76.74
2187,1,76.74
2188,1,76.68
2189,1,76.68
2190,1,76.68
2191,1,76.68
2192,1,76.68
2193,1,76.68
2194,1,76.68
2195,1,76.68
2196,1,76.68
2197,2,76.66
2198,1,76.65
2199,2,76.55
2200,1,76.5
2201,1,76.49
2202,1,76.45
2203,1,76.44
2204,1,76.44
2205,1,76.44
2206,1,76.44
2207,1,76.44
2208,1,76.44
2209,1,76.37
2210,1,76.37
2211,1,76.37
2212,1,76.32
2213,1,76.3
2214,1,76.27
2215,1,76.27
2216,1,76.2
2217,1,76.15
2218,1,76.04
2219,1,76
2220,1,76
2221,2,75.95
2222,3,75.8
2223,1,75.8
2224,1,75.8
2225,1,75.8
2226,1,75.8
2227,1,75.8
2228,2,75.8
2229,1,75.66
2230,2,75.63
2231,1,75.62
2232,1,75.57
2233,1,75.54
2234,2,75.45
2235,1,75.38
2236,1,75.38
2237,1,75.38
2238,1,75.34
2239,1,75.28
2240,1,75.18
2241,1,75.15
2242,1,75.15
2243,2,75.1
2244,1,75.09
2245,1,75.01
2246,1,74.93
2247,1,74.87
2248,1,74.87
2249,1,74.87
2250,1,74.87
2251,2,74.87
2252,1,74.82
2253,1,74.82
2254,1,74.75
2255,2,74.66
2256,1,74.64
2257,1,74.64
2258,1,74.64
2259,1,74.64
2260,1,74.64
2261,1,74.64
2262,1,74.64
2263,1,74.64
2264,3,74.6
2265,1,74.56
2266,1,74.48
2267,1,74.48
2268,2,74.45
2269,1,74.41
2270,1,74.4
2271,1,74.36
2272,1,74.36
2273,1,74.3
2274,1,74.3
2275,1,74.26
2276,1,74.18
2277,1,74.18
2278,1,74.09
2279,1,74.09
2280,1,74.07
2281,1,74.03
2282,1,74.03
2283,1,74.01
2284,1,74.01
2285,2,73.97
2286,1,73.95
2287,2,73.87
2288,1,73.86
2289,1,73.73
2290,2,73.65
2291,1,73.65
2292,1,73.6
2293,1,73.59
2294,2,73.58
2295,1,73.58
2296,1,73.58
2297,1,73.58
2298,1,73.58
2299,1,73.58
2300,2,73.52
2301,3,73.42
2302,1,73.42
2303,1,73.36
2304,1,73.36
2305,1,73.22
2306,2,73.21
2307,1,73.21
2308,2,73.14
2309,1,73.14
2310,1,73.14
2311,1,73.11
2312,1,73.08
2313,2,73.08
2314,2,72.98
2315,1,72.91
2316,1,72.91
2317,1,72.9
2318,2,72.88
2319,1,72.86
2320,1,72.86
2321,1,72.86
2322,1,72.86
2323,1,72.86
2324,1,72.79
2325,1,72.76
2326,1,72.76
2327,1,72.69
2328,1,72.69
2329,1,72.69
2330,1,72.69
2331,1,72.69
2332,1,72.69
2333,1,72.69
2334,1,72.55
2335,1,72.46
2336,2,72.38
2337,1,72.36
2338,1,72.35
2339,2,72.35
2340,1,72.24
2341,1,72.24
2342,1,72.24
2343,1,72.24
2344,1,72.24
2345,1,72.24
2346,1,72.24
2347,1,72.24
2348,1,72.24
2349,1,72.24
2350,2,72.2
2351,1,72.19
2352,1,72.13
2353,1,72.09
2354,1,72.02
2355,1,72.02
2356,1,72.02
2357,1,72.02
2358,1,72.01
2359,1,71.93
2360,1,71.92
2361,1,71.92
2362,1,71.92
2363,1,71.92
2364,1,71.91
2365,1,71.79
2366,1,71.79
2367,1,71.79
2368,1,71.79
2369,1,71.79
2370,1,71.79
2371,1,71.79
2372,1,71.79
2373,1,71.79
2374,1,71.79
2375,1,71.79
2376,1,71.79
2377,1,71.79
2378,1,71.79
2379,1,71.79
2380,1,71.79
2381,2,71.71
2382,2,71.6
2383,2,71.6
2384,1,71.57
2385,1,71.57
2386,1,71.57
2387,1,71.57
2388,1,71.57
2389,1,71.57
2390,1,71.52
2391,1,71.52
2392,1,71.52
2393,1,71.52
2394,1,71.5
2395,1,71.48
2396,1,71.48
2397,1,71.45
2398,2,71.38
2399,1,71.34
2400,1,71.34
2401,1,71.34
2402,1,71.34
2403,1,71.34
2404,1,71.34
2405,1,71.34
2406,1,71.34
2407,1,71.34
2408,1,71.34
2409,1,71.32
2410,2,71.29
2411,1,71.28
2412,2,71.24
2413,1,71.21
2414,2,71.2
2415,1,71.15
2416,1,71.15
2417,1,71.06
2418,1,71.06
2419,1,71.05
2420,1,71.05
2421,1,71.05
2422,1,71.05
2423,1,71.05
2424,1,71.03
2425,1,71
2426,2,70.84
2427,1,70.83
2428,1,70.83
2429,1,70.61
2430,1,70.61
2431,1,70.61
2432,1,70.61
2433,1,70.61
2434,1,70.52
2435,1,70.52
2436,1,70.44
2437,1,70.41
2438,1,70.41
2439,2,70.4
2440,1,70.39
2441,1,70.39
2442,2,70.37
2443,1,70.37
2444,1,70.26
2445,2,70.24
2446,1,70.18
2447,1,70.18
2448,1,70.18
2449,2,70.08
2450,1,70.06
2451,1,69.99
2452,1,69.99
2453,2,69.98
2454,2,69.98
2455,1,69.96
2456,1,69.96
2457,1,69.95
2458,2,69.81
2459,1,69.8
2460,1,69.8
2461,2,69.79
2462,2,69.79
2463,2,69.79
2464,2,69.79
2465,1,69.74
2466,1,69.74
2467,1,69.74
2468,1,69.65
2469,2,69.48
2470,1,69.45
2471,1,69.45
2472,2,69.41
2473,1,69.25
2474,2,69.23
2475,1,69.23
2476,1,69.23
2477,1,69.16
2478,1,69.16
2479,1,69.14
2480,1,69.09
2481,1,69.08
2482,2,69.02
2483,1,68.96
2484,1,68.95
2485,2,68.93
2486,1,68.92
2487,1,68.85
2488,1,68.85
2489,1,68.81
2490,1,68.74
2491,1,68.74
2492,2,68.66
2493,1,68.64
2494,1,68.54
2495,1,68.54
2496,2,68.48
2497,1,68.33
2498,1,68.33
2499,1,68.33
2500,2,68.3
2501,1,68.25
2502,1,68.24
2503,1,68.12
2504,1,68.03
2505,1,68.02
2506,1,67.91
2507,1,67.91
2508,1,67.91
2509,1,67.91
2510,1,67.9
2511,1,67.9
2512,1,67.84
2513,1,67.84
2514,1,67.84
2515,2,67.78
2516,2,67.78
2517,2,67.78
2518,1,67.78
2519,1,67.78
2520,1,67.78
2521,1,67.78
2522,1,67.78
2523,1,67.78
2524,1,67.7
2525,1,67.7
2526,1,67.69
2527,1,67.69
2528,1,67.68
2529,1,67.65
2530,1,67.65
2531,1,67.65
2532,1,67.64
2533,1,67.64
2534,1,67.56
2535,2,67.53
2536,1,67.5
2537,1,67.5
2538,1,67.5
2539,1,67.5
2540,1,67.5
2541,1,67.49
2542,1,67.49
2543,1,67.48
2544,1,67.44
2545,1,67.44
2546,1,67.39
2547,2,67.3
2548,2,67.1
2549,1,67.1
2550,1,67.08
2551,1,67.08
2552,1,67.08
2553,1,67.08
2554,1,67.08
2555,1,67.08
2556,1,67.08
2557,1,67.08
2558,1,67.08
2559,1,67.08
2560,1,67.08
2561,1,67.08
2562,1,67.08
2563,1,67.08
2564,1,67.03
2565,1,67
2566,2,66.95
2567,1,66.91
2568,1,66.91
2569,1,66.91
2570,1,66.91
2571,1,66.91
2572,1,66.91
2573,1,66.91
2574,1,66.91
2575,1,66.91
2576,1,66.91
2577,1,66.91
2578,1,66.91
2579,1,66.91
2580,1,66.91
2581,1,66.9
2582,1,66.87
2583,1,66.87
2584,1,66.87
2585,1,66.87
2586,1,66.83
2587,2,66.72
2588,1,66.67
2589,1,66.67
2590,1,66.67
2591,1,66.66
2592,1,66.66
2593,1,66.66
2594,1,66.66
2595,1,66.66
2596,1,66.66
2597,1,66.66
2598,1,66.66
2599,1,66.66
2600,1,66.66
2601,1,66.66
2602,1,66.66
2603,1,66.66
2604,1,66.66
2605,1,66.66
2606,1,66.66
2607,1,66.66
2608,1,66.66
2609,1,66.66
2610,1,66.66
2611,1,66.66
2612,2,66.66
2613,3,66.66
2614,1,66.63
2615,2,66.62
2616,2,66.53
2617,2,66.52
2618,1,66.47
2619,1,66.46
2620,1,66.46
2621,1,66.46
2622,1,66.46
2623,1,66.46
2624,1,66.46
2625,1,66.46
2626,1,66.46
2627,1,66.46
2628,1,66.46
2629,1,66.43
2630,1,66.43
2631,2,66.34
2632,2,66.34
2633,2,66.34
2634,1,66.25
2635,1,66.23
2636,1,66.23
2637,1,66.23
2638,1,66.23
2639,2,66.14
2640,2,66.14
2641,2,66.14
2642,1,66.08
2643,1,66.05
2644,1,66.04
2645,1,65.98
2646,2,65.97
2647,1,65.93
2648,1,65.93
2649,1,65.93
2650,1,65.93
2651,2,65.89
2652,1,65.88
2653,2,65.87
2654,1,65.82
2655,1,65.82
2656,1,65.82
2657,1,65.82
2658,1,65.82
2659,1,65.82
2660,1,65.82
2661,1,65.82
2662,1,65.8
2663,2,65.76
2664,1,65.62
2665,1,65.62
2666,1,65.62
2667,1,65.56
2668,1,65.56
2669,1,65.56
2670,1,65.49
2671,2,65.46
2672,1,65.42
2673,1,65.42
2674,1,65.42
2675,1,65.42
2676,1,65.42
2677,1,65.42
2678,1,65.4
2679,2,65.38
2680,1,65.29
2681,1,65.23
2682,2,65.18
2683,1,65.17
2684,2,65.12
2685,1,65.02
2686,1,65.02
2687,1,65.02
2688,1,65.02
2689,1,65.02
2690,1,65.02
2691,1,65
2692,1,64.99
2693,1,64.9
2694,1,64.9
2695,1,64.9
2696,1,64.9
2697,2,64.86
2698,1,64.86
2699,2,64.77
2700,1,64.68
2701,1,64.66
2702,2,64.61
2703,1,64.61
2704,1,64.61
2705,2,64.61
2706,2,64.61
2707,1,64.51
2708,1,64.51
2709,1,64.51
2710,1,64.5
2711,1,64.5
2712,2,64.42
2713,2,64.38
2714,1,64.32
2715,1,64.32
2716,1,64.32
2717,2,64.22
2718,1,64.2
2719,1,64.15
2720,1,64.15
2721,1,64.12
2722,1,64.12
2723,2,64.03
2724,2,64.03
2725,1,64.03
2726,1,64.01
2727,1,63.84
2728,1,63.84
2729,1,63.84
2730,1,63.84
2731,1,63.84
2732,1,63.8
2733,1,63.75
2734,2,63.65
2735,1,63.65
2736,1,63.57
2737,1,63.57
2738,1,63.57
2739,1,63.46
2740,1,63.46
2741,1,63.46
2742,1,63.46
2743,2,63.46
2744,1,63.46
2745,1,63.46
2746,1,63.38
2747,1,63.26
2748,1,63.26
2749,1,63.26
2750,2,63.2
2751,1,63.2
2752,1,63.2
2753,1,63.2
2754,1,63.15
2755,1,63.15
2756,1,63.09
2757,1,63.07
2758,2,63.07
2759,1,63
2760,2,62.98
2761,2,62.88
2762,1,62.88
2763,1,62.78
2764,1,62.76
2765,1,62.69
2766,1,62.69
2767,1,62.69
2768,2,62.69
2769,2,62.69
2770,1,62.69
2771,2,62.67
2772,1,62.64
2773,2,62.6
2774,1,62.5
2775,1,62.5
2776,1,62.5
2777,1,62.5
2778,1,62.5
2779,2,62.45
2780,2,62.42
2781,1,62.39
2782,1,62.39
2783,1,62.39
2784,1,62.3
2785,1,62.3
2786,2,62.3
2787,1,62.3
2788,1,62.3
2789,2,62.3
2790,1,62.3
2791,1,62.3
2792,1,62.3
2793,1,62.3
2794,1,62.3
2795,1,62.3
2796,1,62.27
2797,1,62.27
2798,2,62.26
2799,2,62.24
2800,1,62.17
2801,1,62.17
2802,1,62.11
2803,1,62.11
2804,1,62.11
2805,1,62.11
2806,1,62.11
2807,1,62.11
2808,1,62.11
2809,1,62.08
2810,1,62.08
2811,1,62.04
2812,1,62.04
2813,1,62.04
2814,1,62.04
2815,1,62.02
2816,1,62.02
2817,1,62.02
2818,1,62.02
2819,1,62.02
2820,1,61.92
2821,1,61.92
2822,1,61.92
2823,1,61.92
2824,1,61.92
2825,1,61.92
2826,1,61.92
2827,1,61.92
2828,1,61.92
2829,1,61.92
2830,1,61.92
2831,1,61.92
2832,1,61.92
2833,1,61.92
2834,1,61.9
2835,1,61.9
2836,1,61.9
2837,1,61.9
2838,2,61.86
2839,2,61.84
2840,2,61.84
2841,1,61.73
2842,1,61.73
2843,1,61.73
2844,1,61.73
2845,1,61.73
2846,1,61.71
2847,1,61.71
2848,1,61.71
2849,1,61.55
2850,1,61.54
2851,1,61.54
2852,1,61.54
2853,1,61.54
2854,1,61.54
2855,1,61.54
2856,1,61.54
2857,1,61.54
2858,1,61.54
2859,1,61.54
2860,1,61.54
2861,1,61.54
2862,1,61.54
2863,1,61.54
2864,1,61.54
2865,1,61.54
2866,1,61.54
2867,1,61.54
2868,1,61.54
2869,1,61.54
2870,1,61.54
2871,1,61.54
2872,1,61.54
2873,1,61.53
2874,1,61.4
2875,1,61.34
2876,1,61.34
2877,1,61.34
2878,1,61.34
2879,1,61.34
2880,1,61.34
2881,1,61.34
2882,1,61.34
2883,1,61.34
2884,1,61.15
2885,1,61.04
2886,1,61
2887,1,61
2888,1,61
2889,1,61
2890,1,60.97
2891,1,60.97
2892,1,60.97
2893,2,60.86
2894,1,60.81
2895,1,60.78
2896,1,60.78
2897,1,60.63
2898,1,60.63
2899,1,60.6
2900,2,60.31
2901,2,60.31
2902,1,60.28
2903,1,60.28
2904,1,60.28
2905,1,60.23
2906,1,60.23
2907,1,60.23
2908,1,60.23
2909,1,60.23
2910,1,60.23
2911,1,60.23
2912,1,60.23
2913,1,60.1
2914,1,60.1
2915,1,60.1
2916,1,59.95
2917,1,59.93
2918,2,59.73
2919,1,59.66
2920,1,59.66
2921,2,59.66
2922,1,59.63
2923,1,59.58
2924,1,59.58
2925,1,59.58
2926,1,59.4
2927,2,59.35
2928,1,59.34
2929,1,59.34
2930,1,59.22
2931,1,59.22
2932,1,59.22
2933,1,59.22
2934,2,59.22
2935,1,59.16
2936,1,59.05
2937,1,59.05
2938,1,59.04
2939,1,58.87
2940,2,58.8
2941,1,58.7
2942,1,58.69
2943,1,58.69
2944,1,58.52
2945,1,58.52
2946,1,58.52
2947,1,58.52
2948,1,58.36
2949,1,58.36
2950,1,58.34
2951,1,58.34
2952,1,58.28
2953,2,58.26
2954,1,58.25
2955,1,58.17
2956,1,58.17
2957,1,58.17
2958,1,58.17
2959,2,58.06
2960,2,58.05
2961,1,57.99
2962,1,57.86
2963,1,57.86
2964,1,57.86
2965,1,57.86
2966,1,57.86
2967,1,57.86
2968,1,57.82
2969,1,57.82
2970,1,57.82
2971,1,57.82
2972,1,57.82
2973,1,57.78
2974,1,57.75
2975,1,57.68
2976,1,57.68
2977,1,57.68
2978,2,57.68
2979,2,57.68
2980,2,57.68
2981,2,57.68
2982,1,57.61
2983,1,57.46
2984,1,57.46
2985,1,57.46
2986,1,57.46
2987,1,57.46
2988,1,57.46
2989,1,57.46
2990,2,57.46
2991,2,57.3
2992,1,57.29
2993,1,57.29
2994,1,57.29
2995,2,57.26
2996,3,57.19
2997,2,57.19
2998,1,57.15
2999,1,57.11
3000,1,57.11
3001,1,57.11
3002,1,57.11
3003,1,57.11
3004,1,57.11
3005,1,57.11
3006,1,57.11
3007,1,57.11
3008,1,57.11
3009,1,57.11
3010,1,57.11
3011,1,57.06
3012,1,57.06
3013,1,56.94
3014,1,56.94
3015,1,56.9
3016,1,56.76
3017,1,56.76
3018,1,56.76
3019,1,56.76
3020,1,56.76
3021,1,56.76
3022,1,56.76
3023,1,56.76
3024,1,56.76
3025,1,56.76
3026,1,56.76
3027,1,56.76
3028,1,56.76
3029,1,56.76
3030,1,56.76
3031,1,56.76
3032,1,56.76
3033,1,56.76
3034,1,56.76
3035,1,56.76
3036,1,56.76
3037,1,56.76
3038,2,56.66
3039,1,56.58
3040,1,56.58
3041,1,56.58
3042,1,56.58
3043,1,56.44
3044,1,56.44
3045,1,56.41
3046,1,56.4
3047,1,56.21
3048,2,56.14
3049,2,56.02
3050,1,56.01
3051,1,55.92
3052,1,55.92
3053,1,55.92
3054,1,55.92
3055,1,55.92
3056,1,55.92
3057,1,55.88
3058,2,55.8
3059,2,55.54
3060,1,55.27
3061,1,55.27
3062,1,55.27
3063,1,55.26
3064,2,54.99
3065,2,54.99
3066,1,54.98
3067,1,54.79
3068,1,54.68
3069,1,54.68
3070,1,54.56
3071,1,54.56
3072,1,54.56
3073,1,54.56
3074,1,54.56
3075,1,54.56
3076,1,54.54
3077,2,54.48
3078,2,54.35
3079,1,54.24
3080,2,54.22
3081,1,54.22
3082,1,54.22
3083,1,54.22
3084,1,54.22
3085,2,54.16
3086,2,54.14
3087,2,54.14
3088,2,54.1
3089,2,54.06
3090,1,54.02
3091,1,54.01
3092,1,53.98
3093,1,53.82
3094,1,53.82
3095,1,53.82
3096,1,53.82
3097,1,53.82
3098,2,53.71
3099,2,53.68
3100,1,53.65
3101,2,53.65
3102,1,53.62
3103,2,53.52
3104,2,53.52
3105,1,53.36
3106,1,53.32
3107,1,53.2
3108,2,53.07
3109,1,53.07
3110,1,53.07
3111,1,53.07
3112,1,53.07
3113,1,53.07
3114,1,53.07
3115,1,53.01
3116,2,52.98
3117,1,52.82
3118,1,52.5
3119,1,52.48
3120,1,52.48
3121,1,52.36
3122,1,52.18
3123,2,52.18
3124,1,52.12
3125,1,51.96
3126,2,51.92
3127,1,51.91
3128,1,51.91
3129,1,51.91
3130,1,51.91
3131,1,51.89
3132,1,51.89
3133,1,51.89
3134,1,51.89
3135,1,51.89
3136,1,51.89
3137,1,51.89
3138,1,51.88
3139,1,51.81
3140,1,51.6
3141,1,51.59
3142,1,51.51
3143,1,51.3
3144,1,51.3
3145,1,51.26
3146,1,51.26
3147,1,51.26
3148,1,51.26
3149,1,51.16
3150,1,51.15
3151,1,51.12
3152,1,51.12
3153,1,50.83
3154,1,50.83
3155,1,50.83
3156,1,50.83
3157,1,50.83
3158,1,50.83
3159,1,50.83
3160,1,50.83
3161,2,50.79
3162,1,50.76
3163,1,50.76
3164,1,50.76
3165,1,50.75
3166,1,50.75
3167,1,50.71
3168,1,50.71
3169,1,50.71
3170,1,50.71
3171,2,50.62
3172,1,50.27
3173,1,50.27
3174,1,50.16
3175,1,50.16
3176,1,50.16
3177,1,50.16
3178,1,50.15
3179,1,50.12
3180,1,50.12
3181,1,49.93
3182,1,49.93
3183,1,49.92
3184,1,49.91
3185,2,49.73
3186,1,49.63
3187,1,49.6
3188,1,49.53
3189,1,49.48
3190,2,49.33
3191,1,49.33
3192,1,49.33
3193,1,49.1
3194,1,49.1
3195,1,49.07
3196,1,49.05
3197,1,49.02
3198,1,49.02
3199,1,49.02
3200,1,49.02
3201,1,49.02
3202,1,49.02
3203,1,48.94
3204,1,48.78
3205,1,48.78
3206,1,48.7
3207,1,48.7
3208,1,48.7
3209,1,48.7
3210,1,48.7
3211,1,48.7
3212,1,48.7
3213,1,48.7
3214,1,48.7
3215,1,48.7
3216,1,48.7
3217,1,48.65
3218,1,48.51
3219,1,48.5
3220,1,48.5
3221,1,48.5
3222,1,48.5
3223,1,48.5
3224,1,48.5
3225,1,48.44
3226,1,48.44
3227,1,48.44
3228,1,48.44
3229,1,48.42
3230,1,48.42
3231,1,48.42
3232,1,48.42
3233,1,48.37
3234,1,48.37
3235,2,48.26
3236,1,48.23
3237,1,48.23
3238,1,48.22
3239,1,48.19
3240,1,48.19
3241,1,48.06
3242,2,48.06
3243,1,47.95
3244,1,47.95
3245,1,47.95
3246,1,47.95
3247,1,47.95
3248,1,47.95
3249,1,47.95
3250,1,47.95
3251,1,47.95
3252,1,47.94
3253,1,47.82
3254,1,47.82
3255,1,47.81
3256,1,47.81
3257,1,47.81
3258,1,47.81
3259,1,47.68
3260,1,47.68
3261,1,47.68
3262,1,47.64
3263,1,47.64
3264,1,47.56
3265,1,47.55
3266,1,47.55
3267,1,47.55
3268,1,47.55
3269,1,47.54
3270,1,47.54
3271,1,47.52
3272,1,47.49
3273,1,47.49
3274,1,47.49
3275,2,47.42
3276,2,47.42
3277,1,47.42
3278,1,47.42
3279,1,47.42
3280,1,47.4
3281,1,47.4
3282,1,47.4
3283,1,47.17
3284,1,47.17
3285,1,47.17
3286,1,47.17
3287,1,47.16
3288,1,47.13
3289,1,47.13
3290,1,46.99
3291,1,46.99
3292,1,46.99
3293,2,46.98
3294,1,46.91
3295,1,46.91
3296,1,46.85
3297,1,46.85
3298,1,46.85
3299,1,46.85
3300,1,46.82
3301,1,46.66
3302,1,46.66
3303,1,46.66
3304,1,46.66
3305,1,46.66
3306,1,46.66
3307,1,46.66
3308,1,46.66
3309,1,46.61
3310,1,46.58
3311,1,46.51
3312,1,46.51
3313,1,46.51
3314,1,46.51
3315,1,46.51
3316,1,46.51
3317,1,46.44
3318,1,46.44
3319,1,46.3
3320,1,46.3
3321,1,46.3
3322,1,46.3
3323,1,46.16
3324,1,46.14
3325,1,46.14
3326,1,46.14
3327,1,46.14
3328,1,46.14
3329,1,46.14
3330,1,46.14
3331,1,46.14
3332,1,46.14
3333,1,46.03
3334,1,46.03
3335,1,46.03
3336,1,45.75
3337,1,45.75
3338,1,45.75
3339,1,45.75
3340,1,45.75
3341,1,45.75
3342,1,45.75
3343,1,45.75
3344,1,45.68
3345,1,45.68
3346,1,45.63
3347,2,45.63
3348,1,45.63
3349,1,45.63
3350,1,45.61
3351,1,45.61
3352,1,45.48
3353,1,45.48
3354,1,45.48
3355,1,45.48
3356,1,45.48
3357,1,45.48
3358,1,45.48
3359,1,45.38
3360,1,45.38
3361,1,45.34
3362,1,45.23
3363,1,45.23
3364,1,45.22
3365,1,45.2
3366,1,45.2
3367,1,45.2
3368,1,45.2
3369,1,45.2
3370,2,45.14
3371,1,45.12
3372,1,45.12
3373,1,45.12
3374,1,45.12
3375,1,45.12
3376,1,45.12
3377,1,45.12
3378,1,45.12
3379,1,45
3380,1,44.93
3381,1,44.93
3382,1,44.86
3383,1,44.86
3384,1,44.86
3385,1,44.82
3386,1,44.82
3387,1,44.8
3388,1,44.79
3389,1,44.65
3390,1,44.65
3391,1,44.65
3392,1,44.65
3393,1,44.61
3394,1,44.61
3395,1,44.61
3396,1,44.61
3397,1,44.61
3398,2,44.61
3399,1,44.61
3400,1,44.61
3401,1,44.4
3402,1,44.4
3403,1,44.4
3404,1,44.4
3405,1,44.4
3406,1,44.4
3407,1,44.4
3408,1,44.4
3409,1,44.4
3410,1,44.4
3411,1,44.4
3412,1,44.38
3413,2,44.35
3414,1,44.22
3415,1,44.22
3416,1,44.22
3417,1,44.22
3418,1,44.1
3419,2,44.1
3420,1,44.1
3421,1,44.1
3422,2,44.1
3423,2,44.1
3424,2,44.03
3425,1,44.02
3426,1,44.02
3427,1,44.02
3428,1,44.02
3429,1,44.02
3430,1,44.02
3431,2,43.97
3432,1,43.97
3433,1,43.97
3434,2,43.97
3435,1,43.84
3436,1,43.84
3437,1,43.84
3438,1,43.84
3439,1,43.84
3440,1,43.84
3441,1,43.84
3442,1,43.83
3443,1,43.83
3444,1,43.83
3445,1,43.83
3446,2,43.78
3447,1,43.76
3448,1,43.71
3449,1,43.71
3450,1,43.71
3451,1,43.62
3452,1,43.61
3453,2,43.61
3454,1,43.6
3455,1,43.6
3456,1,43.58
3457,2,43.58
3458,1,43.58
3459,1,43.58
3460,2,43.58
3461,1,43.58
3462,1,43.58
3463,1,43.58
3464,1,43.58
3465,1,43.58
3466,1,43.37
3467,1,43.37
3468,1,43.33
3469,1,43.33
3470,2,43.33
3471,1,43.33
3472,2,43.33
3473,1,43.33
3474,1,43.33
3475,1,43.33
3476,1,43.2
3477,1,43.2
3478,2,43.2
3479,2,43.2
3480,1,43.2
3481,1,43.16
3482,1,43.14
3483,2,43.14
3484,1,43.13
3485,1,43.07
3486,1,43.07
3487,1,43.07
3488,1,43.07
3489,1,43.07
3490,1,43.07
3491,1,43.07
3492,1,43.03
3493,1,43.03
3494,1,42.94
3495,1,42.94
3496,1,42.94
3497,1,42.82
3498,1,42.82
3499,1,42.82
3500,1,42.82
3501,1,42.82
3502,1,42.82
3503,1,42.82
3504,1,42.82
3505,1,42.74
3506,1,42.69
3507,1,42.69
3508,1,42.69
3509,1,42.69
3510,1,42.56
3511,1,42.56
3512,1,42.56
3513,1,42.56
3514,1,42.56
3515,1,42.56
3516,1,42.43
3517,2,42.43
3518,1,42.43
3519,1,42.43
3520,1,42.43
3521,1,42.43
3522,1,42.43
3523,1,42.38
3524,1,42.3
3525,1,42.3
3526,1,42.3
3527,1,42.3
3528,1,42.3
3529,1,42.3
3530,1,42.3
3531,1,42.3
3532,1,42.3
3533,1,42.3
3534,1,42.3
3535,1,42.3
3536,1,42.3
3537,1,42.3
3538,1,42.3
3539,1,42.3
3540,1,42.3
3541,1,42.3
3542,1,42.22
3543,1,42.22
3544,1,42.18
3545,1,42.18
3546,1,42.18
3547,1,42.18
3548,1,42.18
3549,1,42.18
3550,1,42.18
3551,1,42.18
3552,1,42.05
3553,1,42.05
3554,1,42.05
3555,1,42.05
3556,1,42.05
3557,1,42.05
3558,2,42.05
3559,1,42.05
3560,1,42.05
3561,1,42.05
3562,1,42.05
3563,1,42.05
3564,1,42.05
3565,1,42.05
3566,1,42.05
3567,1,42
3568,1,41.99
3569,1,41.92
3570,1,41.92
3571,2,41.92
3572,1,41.87
3573,1,41.87
3574,1,41.87
3575,1,41.87
3576,1,41.87
3577,1,41.87
3578,1,41.87
3579,1,41.79
3580,1,41.79
3581,1,41.79
3582,2,41.79
3583,1,41.79
3584,1,41.79
3585,1,41.79
3586,1,41.79
3587,1,41.79
3588,1,41.79
3589,1,41.79
3590,1,41.79
3591,1,41.79
3592,1,41.79
3593,1,41.79
3594,1,41.66
3595,1,41.66
3596,1,41.66
3597,1,41.66
3598,1,41.66
3599,1,41.66
3600,1,41.54
3601,1,41.54
3602,1,41.54
3603,1,41.54
3604,1,41.54
3605,1,41.54
3606,1,41.54
3607,1,41.54
3608,1,41.54
3609,1,41.54
3610,1,41.54
3611,1,41.54
3612,1,41.54
3613,1,41.54
3614,1,41.54
3615,1,41.54
3616,1,41.54
3617,1,41.54
3618,1,41.54
3619,1,41.54
3620,1,41.54
3621,1,41.53
3622,1,41.45
3623,1,41.45
3624,1,41.45
3625,1,41.45
3626,1,41.45
3627,1,41.41
3628,1,41.41
3629,1,41.41
3630,1,41.4
3631,1,41.28
3632,1,41.28
3633,1,41.28
3634,1,41.28
3635,1,41.28
3636,1,41.28
3637,1,41.28
3638,1,41.28
3639,1,41.28
3640,1,41.28
3641,1,41.28
3642,1,41.28
3643,1,41.28
3644,1,41.28
3645,1,41.28
3646,1,41.28
3647,1,41.28
3648,1,41.28
3649,1,41.28
3650,1,41.28
3651,1,41.28
3652,1,41.28
3653,1,41.28
3654,1,41.26
3655,1,41.02
3656,1,41.02
3657,1,40.96
3658,1,40.61
3659,1,40.53
3660,1,40.53
3661,1,40.43
3662,1,40.37
3663,1,40.37
3664,1,40.37
3665,1,40.37
3666,1,40.37
3667,1,40.37
3668,1,40.37
3669,1,40.37
3670,1,40.37
3671,1,40.37
3672,1,40.37
3673,1,40.37
3674,1,40.37
3675,1,40.37
3676,2,40.2
3677,2,40.2
3678,1,40.18
3679,1,40.18
3680,1,40.18
3681,1,40.18
3682,1,40.18
3683,1,40.15
3684,1,40.15
3685,1,40.15
3686,1,39.8
3687,1,39.76
3688,1,39.7
3689,1,39.69
3690,1,39.69
3691,1,39.66
3692,1,39.57
3693,1,39.46
3694,1,39.44
3695,1,39.34
3696,1,39.34
3697,1,39.34
3698,1,39.34
3699,1,39.34
3700,1,39.34
3701,1,39.24
3702,1,39.24
3703,1,39.23
3704,1,39.23
3705,1,39.23
3706,1,39.23
3707,1,39.22
3708,1,39.22
3709,1,39.22
3710,1,39.22
3711,1,39.12
3712,1,39.12
3713,1,39.12
3714,1,39.12
3715,1,38.94
3716,1,38.91
3717,1,38.91
3718,1,38.88
3719,1,38.7
3720,1,38.54
3721,1,38.54
3722,1,38.49
3723,1,38.49
3724,1,38.49
3725,1,38.49
3726,1,38.49
3727,1,38.49
3728,1,38.43
3729,1,38.39
3730,1,38.39
3731,1,38.39
3732,1,38.36
3733,1,38.3
3734,1,38.3
3735,1,38.28
3736,1,38.28
3737,1,38.28
3738,1,38.28
3739,1,38.28
3740,1,38.19
3741,1,38.07
3742,1,38.07
3743,1,38.07
3744,1,38.07
3745,1,38.07
3746,1,38.07
3747,1,38.07
3748,1,38.07
3749,1,38.07
3750,1,38.07
3751,1,38.07
3752,1,38.07
3753,1,38.07
3754,1,38.07
3755,1,38.07
3756,1,38.07
3757,1,38.07
3758,1,38.06
3759,1,38.06
3760,1,38.06
3761,1,38.06
3762,1,38.06
3763,1,38.06
3764,1,38.06
3765,1,38.06
3766,1,38.06
3767,1,38.06
3768,1,38.06
3769,1,37.86
3770,1,37.86
3771,1,37.75
3772,1,37.68
3773,1,37.68
3774,1,37.68
3775,1,37.68
3776,1,37.68
3777,1,37.65
3778,1,37.65
3779,1,37.65
3780,1,37.65
3781,1,37.61
3782,1,37.48
3783,1,37.46
3784,1,37.46
3785,1,37.46
3786,1,37.44
3787,1,37.44
3788,1,37.44
3789,1,37.44
3790,1,37.44
3791,1,37.44
3792,1,37.44
3793,1,37.44
3794,1,37.44
3795,1,37.35
3796,1,37.22
3797,1,37.22
3798,1,37.22
3799,1,37.22
3800,1,37.22
3801,1,37.22
3802,1,37.22
3803,1,37.22
3804,1,37.22
3805,1,37.22
3806,1,37.22
3807,1,37.22
3808,1,37.05
3809,1,37.02
3810,1,37.02
3811,1,37.01
3812,1,37.01
3813,1,36.8
3814,1,36.8
3815,1,36.8
3816,1,36.8
3817,1,36.8
3818,1,36.8
3819,1,36.79
3820,1,36.79
3821,1,36.75
3822,1,36.57
3823,1,36.53
3824,1,36.53
3825,1,36.53
3826,1,36.53
3827,1,36.53
3828,1,36.53
3829,1,36.53
3830,1,36.53
3831,1,36.53
3832,1,36.53
3833,1,36.53
3834,,
1,,
3835,1,36.48
3836,1,36.48
3837,,
1,,
3838,1,36.46
3839,1,36.46
3840,1,36.39
3841,1,36.38
3842,1,36.34
3843,1,36.34
3844,1,36.34
3845,1,36.34
3846,1,36.34
3847,1,36.34
3848,1,36.27
3849,1,36.27
3850,1,36.23
3851,1,36.23
3852,1,36.17
3853,1,36.17
3854,1,36.17
3855,1,36.17
3856,1,36.17
3857,1,36.14
3858,1,36.14
3859,1,36.14
3860,1,36.14
3861,1,36.14
3862,1,36.14
3863,1,36.14
3864,1,36.14
3865,1,36.14
3866,1,36.14
3867,1,36.14
3868,1,36.14
3869,1,36.14
3870,1,36.14
3871,1,36.14
3872,1,36.14
3873,1,36.14
3874,1,36.14
3875,1,36.14
3876,1,36.14
3877,1,36.14
3878,1,36.14
3879,1,36.14
3880,1,36.06
3881,1,36.06
3882,1,36.06
3883,1,36.06
3884,1,36.06
3885,1,36.06
3886,1,36.06
3887,1,36.06
3888,1,35.97
3889,1,35.96
3890,1,35.96
3891,1,35.86
3892,1,35.76
3893,1,35.76
3894,1,35.76
3895,1,35.76
3896,1,35.66
3897,1,35.66
3898,1,35.66
3899,1,35.66
3900,1,35.66
3901,1,35.66
3902,1,35.66
3903,1,35.66
3904,1,35.66
3905,1,35.66
3906,1,35.66
3907,1,35.66
3908,1,35.66
3909,1,35.64
3910,1,35.57
3911,1,35.57
3912,1,35.57
3913,1,35.57
3914,1,35.57
3915,1,35.57
3916,1,35.53
3917,1,35.53
3918,1,35.53
3919,1,35.47
3920,1,35.43
3921,1,35.43
3922,1,35.38
3923,1,35.38
3924,1,35.38
3925,1,35.38
3926,1,35.38
3927,1,35.38
3928,1,35.38
3929,1,35.38
3930,1,35.38
3931,1,35.38
3932,1,35.38
3933,1,35.38
3934,1,35.38
3935,1,35.36
3936,1,35.32
3937,1,35.32
3938,1,35.32
3939,1,35.32
3940,1,35.32
3941,1,35.25
3942,1,35.22
3943,1,35.22
3944,1,35.18
3945,1,35.18
3946,1,35.18
3947,1,35.18
3948,1,35.11
3949,1,35.11
3950,1,35.11
3951,1,35.11
3952,1,35.11
3953,1,35.11
3954,1,35.01
3955,1,35.01
3956,1,34.99
3957,1,34.99
3958,1,34.99
3959,1,34.99
3960,1,34.99
3961,1,34.99
3962,1,34.99
3963,1,34.99
3964,1,34.99
3965,1,34.99
3966,1,34.99
3967,1,34.99
3968,1,34.99
3969,1,34.99
3970,1,34.99
3971,1,34.9
3972,1,34.9
3973,1,34.9
3974,1,34.9
3975,1,34.9
3976,1,34.9
3977,1,34.9
3978,1,34.8
3979,1,34.8
3980,1,34.8
3981,1,34.8
3982,1,34.8
3983,1,34.8
3984,1,34.8
3985,1,34.8
3986,1,34.8
3987,1,34.8
3988,1,34.8
3989,1,34.8
3990,1,34.8
3991,1,34.69
3992,1,34.69
3993,1,34.69
3994,1,34.69
3995,1,34.69
3996,1,34.69
3997,1,34.69
3998,1,34.69
3999,1,34.69
4000,1,34.69
4001,1,34.61
4002,1,34.61
4003,1,34.61
4004,1,34.61
4005,1,34.61
4006,1,34.61
4007,1,34.61
4008,1,34.61
4009,1,34.61
4010,1,34.61
4011,1,34.61
4012,1,34.61
4013,1,34.61
4014,1,34.61
4015,1,34.61
4016,1,34.61
4017,1,34.61
4018,1,34.61
4019,1,34.61
4020,1,34.61
4021,1,34.61
4022,1,34.61
4023,1,34.61
4024,1,34.61
4025,1,34.61
4026,1,34.61
4027,1,34.61
4028,1,34.61
4029,1,34.61
4030,1,34.61
4031,1,34.61
4032,1,34.61
4033,1,34.61
4034,1,34.57
4035,1,34.48
4036,1,34.48
4037,1,34.48
4038,1,34.46
4039,1,34.42
4040,1,34.42
4041,1,34.37
4042,1,34.27
4043,1,34.27
4044,1,34.22
4045,1,34.22
4046,1,34.22
4047,1,34.22
4048,1,34.22
4049,1,34.22
4050,1,34.22
4051,1,34.17
4052,1,34.17
4053,1,34.17
4054,1,34.15
4055,1,34.15
4056,1,34.03
4057,1,34.03
4058,1,34.03
4059,1,34.03
4060,1,34.03
4061,1,34.03
4062,1,34.03
4063,1,34.03
4064,1,34.03
4065,1,34.03
4066,1,34.03
4067,1,34.03
4068,1,34.03
4069,1,34.03
4070,1,34.03
4071,1,34.03
4072,1,34.03
4073,1,34.03
4074,1,34.03
4075,1,34.03
4076,1,33.98
4077,1,33.98
4078,1,33.95
4079,1,33.88
4080,1,33.84
4081,1,33.84
4082,1,33.84
4083,1,33.84
4084,1,33.84
4085,1,33.84
4086,1,33.84
4087,1,33.84
4088,1,33.84
4089,1,33.84
4090,1,33.84
4091,1,33.84
4092,1,33.84
4093,1,33.84
4094,1,33.84
4095,1,33.84
4096,1,33.84
4097,1,33.84
4098,1,33.84
4099,1,33.84
4100,1,33.84
4101,1,33.84
4102,1,33.84
4103,1,33.84
4104,1,33.84
4105,1,33.84
4106,1,33.84
4107,1,33.84
4108,1,33.84
4109,1,33.84
4110,1,33.75
4111,1,33.75
4112,1,33.75
4113,1,33.75
4114,1,33.75
4115,1,33.74
4116,1,33.74
4117,1,33.74
4118,1,33.65
4119,1,33.65
4120,1,33.65
4121,1,33.65
4122,1,33.65
4123,1,33.65
4124,1,33.65
4125,1,33.65
4126,1,33.65
4127,1,33.48
4128,1,33.46
4129,1,33.46
4130,1,33.46
4131,1,33.46
4132,1,33.46
4133,1,33.46
4134,1,33.46
4135,1,33.46
4136,1,33.46
4137,1,33.46
4138,1,33.46
4139,1,33.46
4140,1,33.46
4141,1,33.46
4142,1,33.46
4143,1,33.36
4144,1,33.36
4145,1,33.36
4146,1,33.36
4147,1,33.36
4148,1,33.36
4149,1,33.36
4150,1,33.36
4151,1,33.36
4152,1,33.26
4153,1,33.26
4154,1,33.26
4155,1,33.17
4156,1,33.17
4157,1,33.17
4158,1,33.17
4159,1,33.17
4160,1,33.17
4161,1,33.17
4162,1,33.17
4163,1,33.17
4164,1,33.17
4165,1,33.17
4166,1,33.07
4167,1,33.07
4168,1,33.07
4169,1,33.07
4170,1,33.07
4171,1,33.07
4172,1,33.07
4173,1,33.07
4174,1,33.07
4175,1,33.07
4176,1,33.07
4177,1,33.07
4178,1,33.07
4179,1,33.07
4180,1,33.07
4181,1,33.07
4182,1,32.99
4183,1,32.99
4184,1,32.99
4185,1,32.99
4186,1,32.99
4187,1,32.99
4188,1,32.99
4189,1,32.99
4190,1,32.99
4191,1,32.99
4192,1,32.99
4193,1,32.99
4194,1,32.99
4195,1,32.99
4196,1,32.99
4197,1,32.99
4198,1,32.98
4199,1,32.98
4200,1,32.98
4201,1,32.98
4202,1,32.98
4203,1,32.98
4204,1,32.98
4205,1,32.98
4206,1,32.98
4207,1,32.88
4208,1,32.88
4209,1,32.88
4210,1,32.88
4211,1,32.88
4212,1,32.88
4213,1,32.88
4214,1,32.88
4215,1,32.88
4216,1,32.88
4217,1,32.88
4218,1,32.88
4219,1,32.88
4220,1,32.88
4221,1,32.88
4222,1,32.88
4223,1,32.88
4224,1,32.88
4225,1,32.88
4226,1,32.88
4227,1,32.88
4228,1,32.78
4229,1,32.78
4230,1,32.78
4231,1,32.78
4232,1,32.78
4233,1,32.78
4234,1,32.78
4235,1,32.78
4236,1,32.78
4237,1,32.78
4238,1,32.78
4239,1,32.78
4240,1,32.78
4241,1,32.72
4242,1,32.7
4243,1,32.7
4244,1,32.7
4245,1,32.69
4246,1,32.69
4247,1,32.69
4248,1,32.69
4249,1,32.69
4250,1,32.69
4251,1,32.69
4252,1,32.69
4253,1,32.69
4254,1,32.69
4255,1,32.69
4256,1,32.59
4257,1,32.5
4258,1,32.5
4259,1,32.5
4260,1,32.5
4261,1,32.5
4262,1,32.5
4263,1,32.5
4264,1,32.5
4265,1,32.5
4266,1,32.5
4267,1,32.5
4268,1,32.4
4269,1,32.4
4270,1,32.4
4271,1,32.4
4272,1,32.4
4273,1,32.4
4274,1,32.4
4275,1,32.39
4276,1,32.3
4277,1,32.3
4278,1,32.3
4279,1,32.3
4280,1,32.3
4281,1,32.3
4282,1,32.3
4283,1,32.3
4284,1,32.3
4285,1,32.3
4286,1,32.3
4287,1,32.3
4288,1,32.3
4289,1,32.3
4290,1,32.3
4291,1,32.3
4292,1,32.3
4293,1,32.3
4294,1,32.3
4295,1,32.3
4296,1,32.3
4297,1,32.21
4298,1,32.21
4299,1,32.21
4300,1,32.21
4301,1,32.21
4302,1,32.21
4303,1,32.21
4304,1,32.21
4305,1,32.21
4306,1,32.21
4307,1,32.11
4308,1,32.11
4309,1,32.11
4310,1,32.11
4311,1,32.11
4312,1,32.11
4313,1,32.11
4314,1,32.11
4315,1,32.11
4316,1,32.11
4317,1,32.11
4318,1,32.11
4319,1,32.11
4320,1,32.11
4321,1,32.11
4322,1,32.02
4323,1,32.02
4324,1,32.02
4325,1,32.02
4326,1,32.02
4327,1,32.02
4328,1,32.02
4329,1,32.02
4330,1,32.02
4331,1,32.02
4332,1,32.02
4333,1,32.02
4334,1,31.92
4335,1,31.92
4336,1,31.92
4337,1,31.92
4338,1,31.92
4339,1,31.92
4340,1,31.92
4341,1,31.92
4342,1,31.92
4343,1,31.92
4344,1,31.92
4345,1,31.92
4346,1,31.92
4347,1,31.92
4348,1,31.92
4349,1,31.92
4350,1,31.92
4351,1,31.92
4352,1,31.92
4353,1,31.92
4354,1,31.92
4355,1,31.92
4356,1,31.92
4357,1,31.92
4358,1,31.92
4359,1,31.92
4360,1,31.92
4361,1,31.92
4362,1,31.92
4363,1,31.92
4364,1,31.92
4365,1,31.92
4366,1,31.92
4367,1,31.92
4368,1,31.82
4369,1,31.82
4370,1,31.82
4371,1,31.82
4372,1,31.82
4373,1,31.82
4374,1,31.82
4375,1,31.82
4376,1,31.82
4377,1,31.82
4378,1,31.82
4379,1,31.73
4380,1,31.73
4381,1,31.73
4382,1,31.73
4383,1,31.73
4384,1,31.73
4385,1,31.73
4386,1,31.73
4387,1,31.73
4388,1,31.73
4389,1,31.73
4390,1,31.73
4391,1,31.73
4392,1,31.73
4393,1,31.73
4394,1,31.73
4395,1,31.73
4396,1,31.73
4397,1,31.73
4398,1,31.73
4399,1,31.73
4400,1,31.73
4401,1,31.73
4402,1,31.73
4403,1,31.73
4404,1,31.73
4405,1,31.73
4406,1,31.73
4407,1,31.73
4408,1,31.73
4409,1,31.73
4410,1,31.73
4411,1,31.73
4412,1,31.73
4413,1,31.73
4414,1,31.73
4415,1,31.73
4416,1,31.73
4417,1,31.66
4418,1,31.66
4419,1,31.63
4420,1,31.63
4421,1,31.63
4422,1,31.63
4423,1,31.63
4424,1,31.63
4425,1,31.63
4426,1,31.63
4427,1,31.63
4428,1,31.63
4429,1,31.63
4430,1,31.54
4431,1,31.54
4432,1,31.54
4433,1,31.54
4434,1,31.54
4435,1,31.54
4436,1,31.54
4437,1,31.54
4438,1,31.54
4439,1,31.54
4440,1,31.54
4441,1,31.54
4442,1,31.54
4443,1,31.54
4444,1,31.54
4445,1,31.54
4446,1,31.54
4447,1,31.54
4448,1,31.54
4449,1,31.54
4450,1,31.54
4451,1,31.54
4452,1,31.54
4453,1,31.54
4454,1,31.54
4455,1,31.54
4456,1,31.54
4457,1,31.54
4458,1,31.54
4459,1,31.54
4460,1,31.44
4461,1,31.44
4462,1,31.44
4463,1,31.44
4464,1,31.34
4465,1,31.34
4466,1,31.34
4467,1,31.34
4468,1,31.34
4469,1,31.34
4470,1,31.34
4471,1,31.34
4472,1,31.34
4473,1,31.34
4474,1,31.34
4475,1,31.34
4476,1,31.34
4477,1,31.34
4478,1,31.34
4479,1,31.34
4480,1,31.34
4481,1,31.34
4482,1,31.34
4483,1,31.34
4484,1,31.34
4485,1,31.34
4486,1,31.34
4487,1,31.34
4488,1,31.34
4489,1,31.34
4490,1,31.34
4491,1,31.34
4492,1,31.34
4493,1,31.34
4494,1,31.25
4495,1,31.25
4496,1,31.25
4497,1,31.25
4498,1,31.25
4499,1,31.25
4500,1,31.25
4501,1,31.25
4502,1,31.25
4503,1,31.25
4504,1,31.15
4505,1,31.15
4506,1,31.15
4507,1,31.15
4508,1,31.15
4509,1,31.15
4510,1,31.15
4511,1,31.15
4512,1,31.15
4513,1,31.15
4514,1,31.15
4515,1,31.15
4516,1,31.15
4517,1,31.15
4518,1,31.15
4519,1,31.06
4520,1,31.06
4521,1,31.06
4522,1,31.06
4523,1,31.06
4524,1,31.06
4525,1,31
4526,1,30.95
4527,1,30.95
4528,1,30.95
4529,1,30.95
4530,1,30.95
4531,1,30.95
4532,1,30.95
4533,1,30.77
4534,1,30.77
4535,1,30.67
4536,1,30.33
4537,1,30.33
4538,1,30.33
4539,1,30.33
4540,1,29.83
4541,1,29.34
4542,1,29.34
4543,1,29.34
4544,1,29.34
4545,1,29.34
4546,1,29.34
4547,1,29.34
4548,1,29.34
4549,1,29.34
4550,1,29.34
4551,1,29.34
4552,1,29.34
4553,1,29.34
4554,1,29.34
4555,1,29.34
4556,1,29.34
4557,1,29.34
4558,1,29.34
4559,1,29.34
4560,1,29.34
4561,1,29.34
4562,1,29.34
4563,1,29.34
4564,1,29.34
4565,1,29.34
4566,1,29.34
4567,1,29.34
4568,1,29.34
4569,1,29.22
4570,1,29.18
4571,1,29.18
4572,1,29.18
4573,1,29.18
4574,1,29.18
4575,1,29.16
4576,1,29.16
4577,1,28.58
4578,1,28.58
4579,1,28.58
4580,1,28.33
4581,1,28.26
4582,1,28.26
4583,1,28
4584,1,28
4585,1,28
4586,1,28
4587,1,28
4588,1,28
4589,1,27.92
4590,1,27.69
4591,1,27.69
4592,1,27.69
4593,1,27.49
4594,1,27.49
4595,1,27.49
4596,1,27.42
4597,1,27.27
4598,1,27.27
4599,1,27.12
4600,1,26.97
4601,1,26.97
4602,1,26.91
4603,1,26.91
4604,1,26.91
4605,1,26.91
4606,1,26.91
4607,1,26.91
4608,1,26.91
4609,1,26.91
4610,1,26.91
4611,1,26.91
4612,1,26.91
4613,1,26.91
4614,1,26.91
4615,1,26.91
4616,1,26.91
4617,1,26.91
4618,1,26.91
4619,1,26.91
4620,1,26.91
4621,1,26.91
4622,1,26.91
4623,1,26.91
4624,1,26.91
4625,1,26.91
4626,1,26.91
4627,1,26.91
4628,1,26.91
4629,1,26.91
4630,1,26.91
4631,1,26.91
4632,1,26.83
4633,1,26.83
4634,1,26.83
4635,1,26.83
4636,1,26.83
4637,1,26.83
4638,1,26.76
4639,1,26.53
4640,1,26.53
4641,1,26.53
4642,1,26.53
4643,1,26.53
4644,1,26.53
4645,1,26.53
4646,1,26.25
4647,1,26.24
4648,1,26.09
4649,1,26.09
4650,1,25.94
4651,1,25.94
4652,1,25.8
4653,1,25.8
4654,1,25.8
4655,1,25.65
4656,1,25.65
4657,1,25.65
4658,1,25.65
4659,1,25.65
4660,1,25.65
4661,1,25.65
4662,1,25.65
4663,1,25.65
4664,2,25.57
4665,1,25.57
4666,1,25.54
4667,1,25.38
4668,1,25.38
4669,1,25.38
4670,1,25.38
4671,1,25.38
4672,1,25.38
4673,1,25.38
4674,1,25.38
4675,1,25.38
4676,1,25.38
4677,1,25.38
4678,1,25.38
4679,1,25.38
4680,1,25.38
4681,1,25.38
4682,1,25.38
4683,1,25.38
4684,1,25.38
4685,1,25.38
4686,1,25.38
4687,1,25.36
4688,1,25.28
4689,1,25.28
4690,1,25.28
4691,1,25.21
4692,1,25.21
4693,1,25.21
4694,1,25.13
4695,1,25.13
4696,1,25.06
4697,1,25.06
4698,1,25.06
4699,1,25.06
4700,1,25.06
4701,1,24.91
4702,1,24.91
4703,1,24.84
4704,1,24.77
4705,1,24.77
4706,1,24.69
4707,1,24.62
4708,1,24.47
4709,1,24.35
4710,1,24.35
4711,1,24.35
4712,1,24.35
4713,1,24.35
4714,1,24.35
4715,1,24.35
4716,1,24.35
4717,1,24.35
4718,1,24.35
4719,1,24.35
4720,1,24.35
4721,1,24.35
4722,1,24.35
4723,1,24.35
4724,1,24.35
4725,1,24.35
4726,1,24.35
4727,1,24.35
4728,1,24.35
4729,1,24.35
4730,1,24.35
4731,1,24.35
4732,1,24.35
4733,1,24.35
4734,1,24.32
4735,1,24.32
4736,1,24.32
4737,1,24.32
4738,1,24.25
4739,1,24.23
4740,1,24.23
4741,1,24.23
4742,1,24.23
4743,1,24.23
4744,1,24.23
4745,1,24.23
4746,1,24.23
4747,1,24.23
4748,1,24.23
4749,1,24.18
4750,1,24.18
4751,1,24.18
4752,1,23.9
4753,1,23.9
4754,1,23.9
4755,1,23.9
4756,1,23.9
4757,1,23.9
4758,1,23.9
4759,1,23.9
4760,1,23.9
4761,1,23.9
4762,1,23.9
4763,1,23.84
4764,1,23.84
4765,1,23.84
4766,1,23.84
4767,1,23.84
4768,1,23.84
4769,1,23.84
4770,1,23.84
4771,1,23.84
4772,1,23.84
4773,1,23.84
4774,1,23.84
4775,1,23.71
4776,1,23.71
4777,1,23.71
4778,1,23.71
4779,1,23.71
4780,1,23.69
4781,1,23.58
4782,1,23.58
4783,1,23.58
4784,1,23.58
4785,1,23.58
4786,1,23.58
4787,1,23.58
4788,1,23.58
4789,1,23.58
4790,1,23.48
4791,1,23.46
4792,1,23.46
4793,1,23.46
4794,1,23.46
4795,1,23.46
4796,1,23.46
4797,1,23.46
4798,1,23.46
4799,1,23.46
4800,1,23.46
4801,1,23.42
4802,1,23.33
4803,1,23.33
4804,1,23.33
4805,1,23.33
4806,1,23.33
4807,1,23.33
4808,1,23.33
4809,1,23.33
4810,1,23.33
4811,1,23.33
4812,1,23.33
4813,1,23.33
4814,1,23.33
4815,1,23.33
4816,1,23.33
4817,1,23.33
4818,1,23.33
4819,1,23.33
4820,1,23.33
4821,1,23.33
4822,1,23.33
4823,1,23.33
4824,1,23.33
4825,1,23.26
4826,1,23.26
4827,1,23.26
4828,1,23.26
4829,1,23.26
4830,1,23.26
4831,1,23.07
4832,1,23.07
4833,1,23.07
4834,1,23.07
4835,1,23.07
4836,1,23.07
4837,1,23.07
4838,1,23.07
4839,1,23.07
4840,1,23.07
4841,1,23.07
4842,1,23.07
4843,1,23.07
4844,1,23.07
4845,1,23.07
4846,1,23.07
4847,1,23.07
4848,1,23.07
4849,1,23.07
4850,1,23.07
4851,1,23.07
4852,1,23.07
4853,1,23.07
4854,1,23.07
4855,1,23.07
4856,1,23.07
4857,1,23.07
4858,1,23.07
4859,1,23.07
4860,1,23.07
4861,1,23.07
4862,1,23.07
4863,1,23.07
4864,1,23.07
4865,1,23.07
4866,1,23.07
4867,1,23.07
4868,1,23.07
4869,1,23.07
4870,1,23.07
4871,1,23.07
4872,1,23.07
4873,1,23.07
4874,1,23.07
4875,1,23.07
4876,1,23.07
4877,1,23.07
4878,1,23.07
4879,1,23.07
4880,1,23.07
4881,1,23.07
4882,1,23.07
4883,1,23.07
4884,1,23.07
4885,1,23.07
4886,1,23.07
4887,1,23.07
4888,1,23.07
4889,1,23.02
4890,1,22.94
4891,1,22.94
4892,1,22.94
4893,1,22.94
4894,1,22.94
4895,1,22.82
4896,1,22.82
4897,1,22.82
4898,1,22.82
4899,1,22.69
4900,1,22.69
4901,1,22.69
4902,1,22.69
4903,1,22.69
4904,1,22.69
4905,1,22.69
4906,1,22.69
4907,1,22.69
4908,1,22.69
4909,1,22.69
4910,1,22.69
4911,1,22.56
4912,1,22.56
4913,1,22.56
4914,1,22.56
4915,1,22.56
4916,1,22.56
4917,1,22.56
4918,1,22.56
4919,1,22.56
4920,1,22.56
4921,1,22.56
4922,1,22.56
4923,1,22.56
4924,1,22.56
4925,1,22.56
4926,1,22.56
4927,1,22.43
4928,1,22.43
4929,1,22.43
4930,1,22.43
4931,1,22.43
4932,1,22.43
4933,1,22.43
4934,1,22.43
4935,1,22.43
4936,1,22.43
4937,1,22.41
4938,1,22.3
4939,1,22.3
4940,1,22.3
4941,1,22.3
4942,1,22.3
4943,1,22.3
4944,1,22.3
4945,1,22.3
4946,1,22.3
4947,1,22.3
4948,1,22.3
4949,1,22.3
4950,1,22.3
4951,1,22.3
4952,1,22.3
4953,1,22.3
4954,1,22.3
4955,1,22.3
4956,1,22.3
4957,1,22.3
4958,1,22.3
4959,1,22.3
4960,1,22.3
4961,1,22.18
4962,1,22.18
4963,1,22.14
4964,1,22.11
4965,1,22.11
4966,1,22.11
4967,1,22.11
4968,1,22.11
4969,1,22.11
4970,1,22.11
4971,1,22.11
4972,1,22.11
4973,1,22.08
4974,1,22.08
4975,1,22.08
4976,1,22.05
4977,1,22.05
4978,1,22.05
4979,1,22.05
4980,1,22.05
4981,1,22.05
4982,1,21.98
4983,1,21.98
4984,1,21.98
4985,1,21.98
4986,1,21.98
4987,1,21.98
4988,1,21.98
4989,1,21.98
4990,1,21.98
4991,1,21.98
4992,1,21.98
4993,1,21.92
4994,1,21.92
4995,1,21.92
4996,1,21.92
4997,1,21.92
4998,1,21.92
4999,1,21.92
5000,1,21.92
5001,1,21.92
5002,1,21.92
5003,1,21.92
5004,1,21.92
5005,1,21.92
5006,1,21.92
5007,1,21.92
5008,1,21.92
5009,1,21.92
5010,1,21.92
5011,1,21.92
5012,1,21.92
5013,1,21.92
5014,1,21.92
5015,1,21.92
5016,1,21.92
5017,1,21.92
5018,1,21.92
5019,1,21.92
5020,1,21.92
5021,1,21.86
5022,1,21.86
5023,1,21.86
5024,1,21.86
5025,1,21.86
5026,1,21.8
5027,1,21.8
5028,1,21.79
5029,1,21.79
5030,1,21.79
5031,1,21.79
5032,1,21.79
5033,1,21.79
5034,1,21.79
5035,1,21.79
5036,1,21.79
5037,1,21.79
5038,1,21.79
5039,1,21.79
5040,1,21.79
5041,1,21.79
5042,1,21.79
5043,1,21.79
5044,1,21.79
5045,1,21.79
5046,1,21.79
5047,1,21.79
5048,1,21.79
5049,1,21.79
5050,1,21.79
5051,1,21.79
5052,1,21.79
5053,1,21.79
5054,1,21.79
5055,1,21.66
5056,1,21.66
5057,1,21.66
5058,1,21.66
5059,1,21.66
5060,1,21.66
5061,1,21.66
5062,1,21.66
5063,1,21.66
5064,1,21.66
5065,1,21.66
5066,1,21.6
5067,1,21.6
5068,1,21.6
5069,1,21.6
5070,1,21.6
5071,1,21.6
5072,1,21.6
5073,1,21.6
5074,1,21.54
5075,1,21.54
5076,1,21.54
5077,1,21.54
5078,1,21.54
5079,1,21.54
5080,1,21.54
5081,1,21.54
5082,1,21.54
5083,1,21.54
5084,1,21.54
5085,1,21.54
5086,1,21.54
5087,1,21.54
5088,1,21.54
5089,1,21.54
5090,1,21.54
5091,1,21.54
5092,1,21.54
5093,1,21.54
5094,1,21.54
5095,1,21.54
5096,1,21.54
5097,1,21.47
5098,1,21.47
5099,1,21.47
5100,1,21.47
5101,1,21.47
5102,1,21.47
5103,1,21.41
5104,1,21.41
5105,1,21.41
5106,1,21.41
5107,1,21.41
5108,1,21.41
5109,1,21.41
5110,1,21.41
5111,1,21.34
5112,1,21.34
5113,1,21.34
5114,1,21.34
5115,1,21.34
5116,1,21.28
5117,1,21.28
5118,1,21.28
5119,1,21.28
5120,1,21.28
5121,1,21.28
5122,1,21.28
5123,1,21.28
5124,1,21.28
5125,1,21.28
5126,1,21.28
5127,1,21.28
5128,1,21.28
5129,1,21.28
5130,1,21.28
5131,1,21.28
5132,1,21.28
5133,1,21.22
5134,1,21.22
5135,1,21.22
5136,1,21.22
5137,1,21.22
5138,1,21.22
5139,1,21.22
5140,1,21.22
5141,1,21.22
5142,1,21.22
5143,1,21.22
5144,1,21.15
5145,1,21.15
5146,1,21.15
5147,1,21.15
5148,1,21.15
5149,1,21.15
5150,1,21.15
5151,1,21.15
5152,1,21.15
5153,1,21.15
5154,1,21.15
5155,1,21.15
5156,1,21.15
5157,1,21.15
5158,1,21.15
5159,1,21.15
5160,1,21.09
5161,1,21.09
5162,1,21.09
5163,1,21.09
5164,1,21.09
5165,1,21.09
5166,1,21.09
5167,1,21.09
5168,1,21.09
5169,1,21.09
5170,1,21.09
5171,1,21.04
5172,1,21.02
5173,1,21.02
5174,1,21.02
5175,1,21.02
5176,1,21.02
5177,1,21.02
5178,1,21.02
5179,1,21.02
5180,1,21.02
5181,1,21.02
5182,1,21.02
5183,1,21.02
5184,1,21.02
5185,1,21.02
5186,1,21.02
5187,1,21.02
5188,1,21.02
5189,1,21.02
5190,1,21.02
5191,1,21.02
5192,1,21.02
5193,1,21
5194,1,21
5195,1,20.96
5196,1,20.96
5197,1,20.96
5198,1,20.96
5199,1,20.96
5200,1,20.9
5201,1,20.9
5202,1,20.9
5203,1,20.9
5204,1,20.9
5205,1,20.9
5206,1,20.9
5207,1,20.9
5208,1,20.9
5209,1,20.9
5210,1,20.9
5211,1,20.9
5212,1,20.9
5213,1,20.9
5214,1,20.9
5215,1,20.9
5216,1,20.9
5217,1,20.9
5218,1,20.9
5219,1,20.9
5220,1,20.9
5221,1,20.83
5222,1,20.83
5223,1,20.83
5224,1,20.83
5225,1,20.83
5226,1,20.77
5227,1,20.77
5228,1,20.77
5229,1,20.77
5230,1,20.77
5231,1,20.7
5232,1,20.64
5233,1,20.51
5234,1,20.51
5235,1,20.51
5236,1,20.45
5237,1,20.45
5238,1,20
5239,1,20
5240,1,6.46
5241,1,4.31
5242,1,4.31
5243,1,4.31
5244,1,3.27
5245,1,3.27
5246,1,3.23
5247,1,3.23
5248,1,3.23
5249,1,3.16
5250,1,1.19
5251,1,1.08
5252,1,1.08
5253,1,1.06
5254,1,0
5255,1,0
5256,1,0
5257,1,0
5258,1,0
5259,1,0
5260,1,0
5261,1,0
5262,1,0
5263,1,0
5264,1,0
5265,1,0
5266,1,0
5267,1,0
5268,1,0
5269,1,0
5270,1,0
5271,1,0